relative_path,file_size_bytes,last_modified
"2022/02/WhatsApp-Image-2022-01-06-at-14.44.52.jpeg",88529,2022-02-12T12:47:37+0100
"2022/02/WhatsApp-Image-2022-01-06-at-14.44.52-225x300.jpeg",16658,2022-02-12T12:47:38+0100
"2022/02/WhatsApp-Image-2022-01-06-at-14.44.52-600x800.jpeg",72603,2025-11-22T06:53:01+0100
"2022/02/WhatsApp-Image-2022-01-06-at-14.44.52-150x150.jpeg",7221,2022-02-12T12:47:38+0100
"2022/02/WhatsApp-Image-2022-01-06-at-14.44.52-9x12.jpeg",390,2022-02-12T12:47:38+0100
"2022/02/WhatsApp-Image-2022-01-06-at-14.44.52-450x450.jpeg",37969,2025-11-22T06:53:01+0100
"2022/02/WhatsApp-Image-2022-01-06-at-14.44.52-100x100.jpeg",3991,2025-11-22T06:53:01+0100
"2022/07/Flyer_De-8x12.png",452,2022-07-29T10:10:27+0200
"2022/07/Flyer_De-212x300.png",54564,2022-07-29T10:10:23+0200
"2022/07/Flyer_De-600x849.png",112639,2025-11-22T06:52:57+0100
"2022/07/Flyer_En-150x150.png",23106,2022-07-29T10:10:29+0200
"2022/07/Flyer_En-100x100.png",6097,2025-11-22T06:52:40+0100
"2022/07/Flyer_De-450x450.png",56384,2025-11-22T06:52:53+0100
"2022/07/Flyer_De-768x1086.png",368313,2022-07-29T10:10:25+0200
"2022/07/Flyer_En-8x12.png",455,2022-07-29T10:10:32+0200
"2022/07/Flyer_De-1086x1536.png",609039,2022-07-29T10:10:27+0200
"2022/07/Flyer_De.png",827704,2022-07-29T10:10:23+0200
"2022/07/Flyer_En-724x1024.png",376920,2022-07-29T10:10:29+0200
"2022/07/Flyer_En.png",957940,2022-07-29T10:10:28+0200
"2022/07/Flyer_En-450x450.png",61479,2025-11-22T06:52:39+0100
"2022/07/Flyer_De-100x100.png",6046,2025-11-22T06:52:54+0100
"2022/07/Flyer_De-724x1024.png",336556,2022-07-29T10:10:24+0200
"2022/07/Flyer_De-150x150.png",23535,2022-07-29T10:10:24+0200
"2022/07/Flyer_En-1086x1536.png",689194,2022-07-29T10:10:32+0200
"2022/07/Flyer_En-600x849.png",129587,2025-11-22T06:52:44+0100
"2022/07/Flyer_En-212x300.png",57888,2022-07-29T10:10:28+0200
"2022/07/Flyer_En-768x1086.png",413055,2022-07-29T10:10:30+0200
"2025/11/Fuchsia-and-Dark-Pink-Sip-and-Paint-Party-Invitation-Instagram-Post-1.png",909431,2025-11-22T06:25:24+0100
"2025/11/Fuchsia-and-Dark-Pink-Sip-and-Paint-Party-Invitation-Instagram-Post-1-150x150.png",25035,2025-11-22T06:25:25+0100
"2025/11/Fuchsia-and-Dark-Pink-Sip-and-Paint-Party-Invitation-Instagram-Post-1-100x100.png",6282,2025-11-22T06:52:29+0100
"2025/11/Fuchsia-and-Dark-Pink-Sip-and-Paint-Party-Invitation-Instagram-Post-1-12x12.png",566,2025-11-22T06:25:26+0100
"2025/11/Fuchsia-and-Dark-Pink-Sip-and-Paint-Party-Invitation-Instagram-Post-1-600x600.png",134060,2025-11-22T06:52:31+0100
"2025/11/Fuchsia-and-Dark-Pink-Sip-and-Paint-Party-Invitation-Instagram-Post-1-768x768.png",465532,2025-11-22T06:25:26+0100
"2025/11/Fuchsia-and-Dark-Pink-Sip-and-Paint-Party-Invitation-Instagram-Post-1-1024x1024.png",775201,2025-11-22T06:25:25+0100
"2025/11/Fuchsia-and-Dark-Pink-Sip-and-Paint-Party-Invitation-Instagram-Post-1-450x450.png",80297,2025-11-22T06:52:29+0100
"2025/11/Fuchsia-and-Dark-Pink-Sip-and-Paint-Party-Invitation-Instagram-Post-1-300x300.png",86773,2025-11-22T06:25:24+0100
"woocommerce-placeholder-12x12.png",202,2024-03-03T02:02:47+0100
"woocommerce-placeholder-150x150.png",3767,2024-03-03T02:02:46+0100
"wpcf7_uploads/.htaccess",152,2023-04-28T22:43:09+0200
"rank-math/rank_math_c5154d6060e37a00ffdb53f57846e1c9.xml",594,2025-12-12T16:31:40+0100
"rank-math/rank_math_8076eb420bc24abd52f91a65546e1a42.xml",12859,2026-02-19T02:20:22+0100
"rank-math/rank_math_ffddda96e914791f262e26ac40c1e976.xml",321,2026-03-04T18:46:28+0100
"woocommerce-placeholder-600x600.png",14159,2025-11-22T06:52:35+0100
"wpforms/cache/index.html",0,2021-12-05T15:09:16+0100
"wpforms/cache/addons.json",245006,2026-05-03T08:02:49+0200
"wpforms/cache/index.php",99,2024-03-03T01:42:45+0100
"wpforms/cache/docs.json",49990,2026-05-03T08:02:49+0200
"wpforms/cache/email-summaries.json",21659,2026-05-03T08:02:49+0200
"wpforms/cache/templates.json",1881951,2026-05-03T08:02:49+0200
"wpforms/cache/splash.json",8392,2026-05-03T11:54:28+0200
"wpforms/cache/.htaccess",446,2026-05-03T11:54:31+0200
"wpforms/themes/elementor/themes-custom.json",2,2026-02-18T14:07:30+0100
"wpforms/themes/themes-custom.json",2,2026-01-09T18:15:46+0100
"wpforms/.htaccess",737,2025-10-24T09:34:00+0200
"woocommerce-placeholder-1024x1024.png",84297,2024-03-03T02:02:46+0100
"woocommerce-placeholder-100x100.png",969,2025-11-22T06:52:33+0100
"wp-file-manager-pro/fm_backup/index.html",0,2023-01-03T08:37:37+0100
"wp-file-manager-pro/fm_backup/.htaccess",66,2023-01-03T08:37:37+0100
"forminator/index.php",0,2025-10-27T21:07:13+0100
"forminator/2487_c83c48a86358131b3a4e182d372c6d2c/index.php",0,2025-10-27T21:07:13+0100
"forminator/2487_c83c48a86358131b3a4e182d372c6d2c/css/index.php",0,2026-05-03T14:01:40+0200
"forminator/2487_c83c48a86358131b3a4e182d372c6d2c/css/style-2487.css",35049,2025-10-27T21:27:46+0100
"forminator/.htaccess",624,2025-10-27T21:07:13+0100
"happyaddons/css/ha-2616.css",2514,2026-02-18T14:14:19+0100
"happyaddons/css/ha-2229.css",3724,2025-11-22T06:55:29+0100
"happyaddons/css/ha-352.css",1456,2025-10-30T02:06:35+0100
"elementor/thumbs/IMG_5092_DxO-scaled-ph2jzfkrgblarqrmbceqdrq3zgvjb45jao728ozsm8.jpg",13974,2021-12-05T15:09:57+0100
"elementor/thumbs/zhang-kaiyv-411983-unsplash-pgtzoscsigmzf02skweg2ohygkkwwt3vdvy3pms9xc.jpg",120581,2021-12-05T15:09:12+0100
"elementor/thumbs/tree_pose_with_jenny-p6jc7t7op2xfpfr8cezbwsodn424jho0q3yt3oh6m0.jpg",11643,2021-12-05T15:09:11+0100
"elementor/thumbs/teaching_smiling_on_mat-p6jc7yupu360bzjgxlfs4f05s6ymqi96n44h0s1a50.jpg",20358,2021-12-05T15:09:11+0100
"elementor/thumbs/tree_pose_with_jenny-p6jc7t7op2yaebrnuj00pgfe7vqfgbmsmc7k549n6c.jpg",19016,2021-12-05T15:09:11+0100
"elementor/thumbs/teachng_worrior_with_jenny-p6jc7t7op2y0613iohnsfwie0yibtdn7blgn4n05nk.jpg",20722,2021-12-05T15:09:11+0100
"elementor/thumbs/teaching_smiling_on_mat-p7e2co62k4p6u92rtry4pqx570k50op4ijwsl67v6o.jpg",18879,2021-12-05T15:09:11+0100
"elementor/thumbs/jeremy-bishop-104868-unsplash-pgtzoreybmlp3e45qdzti6qhv6pjp4051ram8cto3k.jpg",66556,2021-12-05T15:09:11+0100
"elementor/thumbs/teaching_smiling_on_mat-p6jc7yupu36aka7m3ms0dyx5z46qdg8rxuve19arns.jpg",21320,2021-12-05T15:09:11+0100
"elementor/thumbs/IMG_6131-ph2jzgiln5ml3cq95utcy9hkkuqwit99msujpyyeg0.jpg",19673,2021-12-05T15:09:57+0100
"elementor/thumbs/walkin_in_to_class_and_smiling-p6jc7u5ivwzahn25j02f0e9umcdp12qxnq44lwyrhc.jpg",15539,2021-12-05T15:09:11+0100
"elementor/thumbs/IMG_5686_DxO_small-p7hlpyj5jhm2mwouysiqznzmbk9buhz0xmcp7zke5c.jpg",35015,2021-12-05T15:09:11+0100
"elementor/thumbs/teachng_worrior_with_jenny-ph2jz4ap6b5uwf8057j7jukkuuf4qqwr94d8hdgiow.jpg",20722,2021-12-05T15:09:57+0100
"elementor/thumbs/IMG_5092_DxO-scaled-p7hlw1jjrvxvs1uqfx6tmmq0qc9unz4hfqcu1gjnvk.jpg",13996,2021-12-05T15:09:11+0100
"elementor/thumbs/IMG_5777-p7hm6tqw6gpaz06uh2zqqere2h4fyyxml3sd8qk2hs.jpg",20402,2021-12-05T15:09:11+0100
"elementor/thumbs/zhang-kaiyv-411983-unsplash-ph2jzvkafcgdas14p1iwud3sucl04gpzpa0chs1zr4.jpg",120457,2022-07-29T09:58:30+0200
"elementor/thumbs/IMG_5686_DxO_small-ph2jz747qt9pv93woqr39buyn018du7y9ibox7cc68.jpg",35005,2021-12-05T15:09:57+0100
"elementor/thumbs/tree_pose_with_jenny-p6jc7t7m9deubsswuvytt2bp3tfobj5bcgrswpmmq0.jpg",14722,2021-12-05T15:09:11+0100
"elementor/thumbs/louis-magnotti-27204-unsplash-pgtzopj9xyj4g66w1d6kd77koeyt9psodhzn9swgg0.jpg",64326,2021-12-05T15:09:11+0100
"elementor/thumbs/walkin_in_to_class_and_smiling-p6jc7u5ivwzkpxqap1en9y6ut9lso0qiygv1me8904.jpg",17581,2021-12-05T15:09:11+0100
"elementor/thumbs/tree_pose_with_jenny-p6jc7t7op2y0613iohnsfwie0yibtdn7blgn4n05nk.jpg",16326,2021-12-05T15:09:11+0100
"elementor/thumbs/IMG_5777-ph2jzhgftznveyow0d7zir9168m9qiczyxi178x09s.jpg",20414,2021-12-05T15:09:57+0100
"elementor/thumbs/jeremy-bishop-104868-unsplash-ph2jzumg8if2z62huj4a9vcc8ypmwrm9d5cv0i3dxc.jpg",66477,2022-07-29T09:58:30+0200
"elementor/thumbs/teachng_worrior_with_jenny-p7e2co62k4p6u92rtry4pqx570k50op4ijwsl67v6o.jpg",20722,2021-12-05T15:09:11+0100
"elementor/thumbs/IMG_6131-p7hm3ghpou3bdb2z54kvarcxfrq3e0k94fmqc1jusg.jpg",19668,2021-12-05T15:09:11+0100
"elementor/thumbs/louis-magnotti-27204-unsplash-ph2jztom1odsnk3v00pnpdkvnku9p2ij10pdj84s3k.jpg",64345,2022-07-29T09:58:30+0200
"elementor/thumbs/in_the_park_white-format2-e1638379396550-pgvtt3x1b9a808atdh43s5fgypyktbl0jdy660s6vk.jpg",15956,2021-12-05T15:09:12+0100
"elementor/thumbs/tree_pose_with_jenny-p6jc7t7nh85kk0xs9ksmbto0zmap5mfhfsvgz8ixmg.jpg",10486,2021-12-05T15:09:11+0100
"elementor/thumbs/teaching_smiling_on_mat-p6jc7yupu35q3ovbrk3juv35l9qj3k9lcddk0arsm8.jpg",18879,2021-12-05T15:09:11+0100
"elementor/thumbs/walkin_in_to_class_and_smiling-p7e2cp3wqyqh5v1eoacra8olsefi8dsuuoka2g6h0g.jpg",15539,2021-12-05T15:09:11+0100
"elementor/screenshots/Elementor-post-screenshot_758_2021-05-18-09-43-03_1499f45f.png",221905,2021-12-05T15:09:11+0100
"elementor/screenshots/index.html",0,2021-12-05T15:09:11+0100
"elementor/screenshots/Elementor-post-screenshot_758_2021-05-18-09-43-03_1499f45f-100x100.png",5953,2025-11-22T06:57:14+0100
"elementor/screenshots/Elementor-post-screenshot_758_2021-05-18-09-43-03_1499f45f-600x242.png",49967,2025-11-22T06:57:14+0100
"elementor/screenshots/Elementor-post-screenshot_758_2021-05-18-09-43-03_1499f45f-450x450.png",60711,2025-11-22T06:57:14+0100
"elementor/css/post-583.css",19983,2026-05-03T13:55:35+0200
"elementor/css/post-810.css",97,2026-05-03T14:04:14+0200
"elementor/css/post-433.css",12049,2026-05-03T13:55:35+0200
"elementor/css/post-254.css",54096,2026-05-03T15:57:35+0200
"elementor/css/post-1213.css",22001,2026-05-03T14:00:28+0200
"elementor/css/post-294.css",20904,2026-05-03T13:55:35+0200
"elementor/css/post-323.css",39608,2026-05-03T13:56:26+0200
"elementor/css/post-763.css",4505,2026-05-03T14:03:06+0200
"elementor/css/post-415.css",9385,2026-05-03T14:01:40+0200
"elementor/css/post-2616.css",17507,2026-05-03T13:57:15+0200
"elementor/css/post-414.css",2560,2026-05-03T13:55:34+0200
"elementor/css/post-2229.css",29298,2026-05-03T13:58:17+0200
"elementor/css/post-758.css",4686,2026-05-03T15:57:13+0200
"woocommerce-placeholder.png",102644,2024-03-03T02:02:46+0100
"template-kits/index.php",0,2021-12-05T15:09:15+0100
"template-kits/42a86c3857169e3b041ae76cdc48a5fe/help.html",1376,2021-12-05T15:09:15+0100
"template-kits/42a86c3857169e3b041ae76cdc48a5fe/screenshots/classes-section.jpg",44788,2021-12-05T15:09:12+0100
"template-kits/42a86c3857169e3b041ae76cdc48a5fe/screenshots/about-section.jpg",41982,2021-12-05T15:09:12+0100
"template-kits/42a86c3857169e3b041ae76cdc48a5fe/screenshots/gallery.jpg",115832,2021-12-05T15:09:12+0100
"template-kits/42a86c3857169e3b041ae76cdc48a5fe/screenshots/pricing.jpg",101294,2021-12-05T15:09:13+0100
"template-kits/42a86c3857169e3b041ae76cdc48a5fe/screenshots/schedule-section.jpg",50035,2021-12-05T15:09:13+0100
"template-kits/42a86c3857169e3b041ae76cdc48a5fe/screenshots/services.jpg",98903,2021-12-05T15:09:13+0100
"template-kits/42a86c3857169e3b041ae76cdc48a5fe/screenshots/classes.jpg",128638,2021-12-05T15:09:12+0100
"template-kits/42a86c3857169e3b041ae76cdc48a5fe/screenshots/working-hours.jpg",40164,2021-12-05T15:09:14+0100
"template-kits/42a86c3857169e3b041ae76cdc48a5fe/screenshots/home.jpg",330416,2021-12-05T15:09:13+0100
"template-kits/42a86c3857169e3b041ae76cdc48a5fe/screenshots/contact.jpg",66780,2021-12-05T15:09:12+0100
"template-kits/42a86c3857169e3b041ae76cdc48a5fe/screenshots/hero-image-section.jpg",47534,2021-12-05T15:09:13+0100
"template-kits/42a86c3857169e3b041ae76cdc48a5fe/screenshots/tutorial-video.jpg",66569,2021-12-05T15:09:14+0100
"template-kits/42a86c3857169e3b041ae76cdc48a5fe/screenshots/trainers.jpg",51175,2021-12-05T15:09:13+0100
"template-kits/42a86c3857169e3b041ae76cdc48a5fe/screenshots/header-section.jpg",7311,2021-12-05T15:09:13+0100
"template-kits/42a86c3857169e3b041ae76cdc48a5fe/screenshots/blog.jpg",85940,2021-12-05T15:09:12+0100
"template-kits/42a86c3857169e3b041ae76cdc48a5fe/screenshots/testimonials.jpg",43864,2021-12-05T15:09:13+0100
"template-kits/42a86c3857169e3b041ae76cdc48a5fe/screenshots/global-kit-styles.jpg",92397,2021-12-05T15:09:13+0100
"template-kits/42a86c3857169e3b041ae76cdc48a5fe/screenshots/faq.jpg",98339,2021-12-05T15:09:12+0100
"template-kits/42a86c3857169e3b041ae76cdc48a5fe/screenshots/home-2.jpg",274773,2021-12-05T15:09:13+0100
"template-kits/42a86c3857169e3b041ae76cdc48a5fe/screenshots/about.jpg",147808,2021-12-05T15:09:12+0100
"template-kits/42a86c3857169e3b041ae76cdc48a5fe/screenshots/content-with-three-images.jpg",49425,2021-12-05T15:09:12+0100
"template-kits/42a86c3857169e3b041ae76cdc48a5fe/screenshots/blog-section.jpg",39891,2021-12-05T15:09:12+0100
"template-kits/42a86c3857169e3b041ae76cdc48a5fe/screenshots/footer-section.jpg",23991,2021-12-05T15:09:12+0100
"template-kits/42a86c3857169e3b041ae76cdc48a5fe/manifest.json",64824,2021-12-05T15:09:15+0100
"template-kits/42a86c3857169e3b041ae76cdc48a5fe/templates/hero-image-section.json",10738,2021-12-05T15:09:14+0100
"template-kits/42a86c3857169e3b041ae76cdc48a5fe/templates/services.json",100113,2021-12-05T15:09:15+0100
"template-kits/42a86c3857169e3b041ae76cdc48a5fe/templates/classes.json",142014,2021-12-05T15:09:14+0100
"template-kits/42a86c3857169e3b041ae76cdc48a5fe/templates/content-with-three-images.json",31773,2021-12-05T15:09:14+0100
"template-kits/42a86c3857169e3b041ae76cdc48a5fe/templates/schedule-section.json",250401,2021-12-05T15:09:15+0100
"template-kits/42a86c3857169e3b041ae76cdc48a5fe/templates/gallery.json",11940,2021-12-05T15:09:14+0100
"template-kits/42a86c3857169e3b041ae76cdc48a5fe/templates/header-section.json",15279,2021-12-05T15:09:14+0100
"template-kits/42a86c3857169e3b041ae76cdc48a5fe/templates/classes-section.json",66341,2021-12-05T15:09:14+0100
"template-kits/42a86c3857169e3b041ae76cdc48a5fe/templates/working-hours.json",19295,2021-12-05T15:09:15+0100
"template-kits/42a86c3857169e3b041ae76cdc48a5fe/templates/footer-section.json",38772,2021-12-05T15:09:14+0100
"template-kits/42a86c3857169e3b041ae76cdc48a5fe/templates/blog-section.json",38905,2021-12-05T15:09:14+0100
"template-kits/42a86c3857169e3b041ae76cdc48a5fe/templates/pricing.json",78462,2021-12-05T15:09:15+0100
"template-kits/42a86c3857169e3b041ae76cdc48a5fe/templates/global.json",16356,2021-12-05T15:09:14+0100
"template-kits/42a86c3857169e3b041ae76cdc48a5fe/templates/contact.json",36371,2021-12-05T15:09:14+0100
"template-kits/42a86c3857169e3b041ae76cdc48a5fe/templates/testimonials.json",15675,2021-12-05T15:09:15+0100
"template-kits/42a86c3857169e3b041ae76cdc48a5fe/templates/about.json",119118,2021-12-05T15:09:14+0100
"woocommerce-placeholder-768x768.png",49572,2024-03-03T02:02:47+0100
"2021/04/elements-lotus-flower-logo-organic-spa-beauty-salon-PTWC7ZH-150x39.png",3591,2021-12-05T15:08:02+0100
"2021/04/yoga-concept-sportswoman-sitting-in-lotus-pose-ZH55QF9-100x100.jpg",3129,2025-11-22T06:58:36+0100
"2021/04/elements-abstract-collection-shapes-X8FYGQG-3-100x100.png",2221,2025-11-22T06:59:47+0100
"2021/04/woman-doing-yoga-in-a-hammock-GBHVS37-450x450.jpg",22742,2025-11-22T06:58:38+0100
"2021/04/group-of-people-making-yoga-exercises-at-studio-P5QECEG-768x512.jpg",31222,2021-12-05T15:08:02+0100
"2021/04/group-of-three-people-doing-a-crow-yoga-pose-ZRQPXMC-1.jpg",203321,2021-12-05T15:08:02+0100
"2021/04/beautiful-concentrated-young-caucasian-woman-LGRPYFL-150x150.png",31858,2021-12-05T15:08:01+0100
"2021/04/group-of-people-making-yoga-exercises-at-studio-P5QECEG-150x150.jpg",4025,2021-12-05T15:08:02+0100
"2021/04/meditation-during-yoga-49HP3EF-300x230.jpg",12230,2021-12-05T15:08:03+0100
"2021/04/wave-bg-1568x251.png",15502,2021-12-05T15:08:04+0100
"2021/04/woman-meditating-at-yoga-studio-P2TGVNJ.jpg",24991,2021-12-05T15:08:05+0100
"2021/04/young-attractive-woman-relaxing-and-practicing-yog-Q8XLWYF-450x450.jpg",32780,2025-11-22T06:59:41+0100
"2021/04/elements-50-yoga-poses-line-icons-HGVM3M-class-1.png",1018,2021-12-05T15:08:02+0100
"2021/04/yoga-indoors-toestand-pose-P6CGV4A.jpg",25754,2021-12-05T15:08:05+0100
"2021/04/group-of-three-people-doing-a-crow-yoga-pose-ZRQPXMC-1-300x164.jpg",13474,2021-12-05T15:08:03+0100
"2021/04/sidebend-in-sukhasana-pose-P8CGS9F-450x450.jpg",26548,2025-11-22T06:58:56+0100
"2021/04/brunette-fitness-woman-sit-on-rug-indoors-at-home-QAQEEZX-100x100.jpg",3567,2025-11-22T06:59:32+0100
"2021/04/meditating-couple-in-yoga-studio-6EAQN3P-1-300x300.jpg",15384,2021-12-05T15:08:03+0100
"2021/04/wave-bg.png",7097,2021-12-05T15:08:04+0100
"2021/04/young-smiling-guy-sitting-on-a-fitness-mat-and-med-PKEXUMP-450x450.jpg",23715,2025-11-22T06:59:00+0100
"2021/04/group-of-three-people-doing-a-crow-yoga-pose-ZRQPXMC-1-450x450.jpg",35879,2025-11-22T06:59:34+0100
"2021/04/wave-bg-3-768x241.png",5679,2021-12-05T15:08:04+0100
"2021/04/wave-bg-2-2048x763.png",24527,2021-12-05T15:08:04+0100
"2021/04/elements-50-yoga-poses-line-icons-HGVM3M-class-3.png",757,2021-12-05T15:08:02+0100
"2021/04/beautiful-concentrated-young-caucasian-woman-LGRPYFL-230x300.png",80564,2021-12-05T15:08:01+0100
"2021/04/wave-bg-footer-1568x217.png",14799,2021-12-05T15:08:04+0100
"2021/04/yoga-indoors-eka-pada-rajakapotasana-P826STD-1024x844.jpg",75939,2021-12-05T15:08:05+0100
"2021/04/wave-bg-footer-1024x142.png",8584,2021-12-05T15:08:04+0100
"2021/04/elements-50-yoga-poses-line-icons-HGVM3M-class-2.png",853,2021-12-05T15:08:02+0100
"2021/04/wave-bg-4-1-600x76.png",2883,2025-11-22T06:58:40+0100
"2021/04/wave-bg-4-1-100x100.png",1977,2025-11-22T06:58:40+0100
"2021/04/group-of-three-people-doing-a-crow-yoga-pose-ZRQPXMC-1-1536x840.jpg",161306,2021-12-05T15:08:03+0100
"2021/04/wave-bg-2-100x100.png",462,2025-11-22T06:59:20+0100
"2021/04/a-beautiful-girl-is-engaged-in-a-yoga-studio-XDDCX6T-1-450x450.jpg",23447,2025-11-22T06:58:34+0100
"2021/04/wave-bg-footer-150x150.png",1594,2021-12-05T15:08:04+0100
"2021/04/woman-practicing-yoga-at-home-VXZRF8D-450x450.jpg",32640,2025-11-22T06:59:44+0100
"2021/04/hero-bg.png",27589,2021-12-05T15:08:02+0100
"2021/04/wave-bg-footer-768x106.png",6221,2021-12-05T15:08:04+0100
"2021/04/wave-bg-4-600x76.png",2883,2025-11-22T06:58:42+0100
"2021/04/wave-bg-4-150x150.png",1541,2021-12-05T15:08:04+0100
"2021/04/meditating-couple-in-yoga-studio-6EAQN3P-1.jpg",29451,2021-12-05T15:08:03+0100
"2021/04/group-of-three-people-doing-a-crow-yoga-pose-ZRQPXMC-1-768x420.jpg",56308,2021-12-05T15:08:03+0100
"2021/04/brunette-fitness-woman-sit-on-rug-indoors-at-home-QAQEEZX.jpg",25248,2021-12-05T15:08:02+0100
"2021/04/wave-bg-3-1568x492.png",13882,2021-12-05T15:08:04+0100
"2021/04/elements-abstract-collection-shapes-X8FYGQG-450x450.png",10975,2025-11-22T07:00:01+0100
"2021/04/wave-bg-footer-300x42.png",2206,2021-12-05T15:08:04+0100
"2021/04/woman-doing-yoga-in-a-hammock-GBHVS37-600x387.jpg",24912,2025-11-22T06:58:38+0100
"2021/04/young-thoughtful-woman-in-sporty-top-and-white-leg-XYCRPQT.jpg",20539,2021-12-05T15:08:06+0100
"2021/04/wave-bg-footer-2048x283.png",20979,2021-12-05T15:08:04+0100
"2021/04/elements-lotus-flower-logo-organic-spa-beauty-salon-PTWC7ZH-1.png",10603,2021-12-05T15:08:02+0100
"2021/04/young-woman-doing-supta-bhekasana-RX8X9NY-150x150.jpg",6501,2021-12-05T15:08:06+0100
"2021/04/hero-bg-450x450.png",2105,2025-11-22T07:00:18+0100
"2021/04/elements-abstract-collection-shapes-X8FYGQG-3-450x276.png",10889,2025-11-22T06:59:46+0100
"2021/04/yoga-indoors-toestand-pose-P6CGV4A-450x450.jpg",23452,2025-11-22T06:58:58+0100
"2021/04/meditation-during-yoga-49HP3EF-100x100.jpg",3706,2025-11-22T06:59:50+0100
"2021/04/wave-bg-100x100.png",2194,2025-11-22T07:00:13+0100
"2021/04/young-fit-woman-doing-yoga-exercise-4PT8Z3X-450x450.jpg",31341,2025-11-22T06:59:02+0100
"2021/04/yoga-indoors-eka-pada-rajakapotasana-P826STD-600x494.jpg",32194,2025-11-22T07:00:21+0100
"2021/04/young-smiling-guy-sitting-on-a-fitness-mat-and-med-PKEXUMP.jpg",22962,2021-12-05T15:08:06+0100
"2021/04/elements-50-yoga-poses-line-icons-HGVM3M-class-4.png",854,2021-12-05T15:08:02+0100
"2021/04/group-of-people-making-yoga-exercises-at-studio-P5QECEG-1024x683.jpg",47599,2021-12-05T15:08:02+0100
"2021/04/wave-bg-4-1536x195.png",14032,2021-12-05T15:08:04+0100
"2021/04/woman-doing-yoga-in-a-hammock-GBHVS37-1536x990.jpg",110929,2021-12-05T15:08:05+0100
"2021/04/elements-lotus-flower-logo-organic-spa-beauty-salon-PTWC7ZH-2.png",2519,2021-12-05T15:08:02+0100
"2021/04/wave-bg-4-1-1024x130.png",8469,2021-12-05T15:08:04+0100
"2021/04/yoga-indoors-eka-pada-rajakapotasana-P826STD-450x450.jpg",25642,2025-11-22T07:00:21+0100
"2021/04/wave-bg-3-1536x482.png",13614,2021-12-05T15:08:04+0100
"2021/04/wave-bg-1536x246.png",15162,2021-12-05T15:08:04+0100
"2021/04/elements-abstract-collection-shapes-X8FYGQG-2-450x450.png",8173,2025-11-22T06:59:52+0100
"2021/04/young-attractive-woman-relaxing-and-practicing-yog-Q8XLWYF.jpg",36153,2021-12-05T15:08:05+0100
"2021/04/yoga-indoors-eka-pada-rajakapotasana-P826STD-768x633.jpg",48201,2021-12-05T15:08:05+0100
"2021/04/wave-bg-150x150.png",1350,2021-12-05T15:08:04+0100
"2021/04/meditation-during-yoga-49HP3EF-150x150.jpg",6284,2021-12-05T15:08:03+0100
"2021/04/wave-bg-4-2048x261.png",20084,2021-12-05T15:08:04+0100
"2021/04/yoga-indoors-toestand-pose-P6CGV4A-300x288.jpg",12713,2021-12-05T15:08:05+0100
"2021/04/wave-bg-2-1568x585.png",17639,2021-12-05T15:08:04+0100
"2021/04/wave-bg-3-300x94.png",1803,2021-12-05T15:08:04+0100
"2021/04/elements-abstract-collection-shapes-X8FYGQG-5-100x100.png",5314,2025-11-22T06:58:50+0100
"2021/04/wave-bg-2048x328.png",21831,2021-12-05T15:08:04+0100
"2021/04/young-fit-woman-doing-yoga-exercise-4PT8Z3X-300x288.jpg",17151,2021-12-05T15:08:06+0100
"2021/04/wave-bg-4-100x100.png",1977,2025-11-22T06:58:42+0100
"2021/04/elements-abstract-collection-shapes-X8FYGQG-2-600x427.png",13673,2025-11-22T06:59:52+0100
"2021/04/wave-bg-1024x164.png",9160,2021-12-05T15:08:04+0100
"2021/04/young-fit-woman-doing-yoga-exercise-4PT8Z3X.jpg",26948,2021-12-05T15:08:05+0100
"2021/04/young-woman-doing-supta-bhekasana-RX8X9NY-100x100.jpg",3869,2025-11-22T06:58:51+0100
"2021/04/wave-bg-3-450x450.png",11223,2025-11-22T06:58:54+0100
"2021/04/elements-abstract-collection-shapes-X8FYGQG-2-768x547.png",48863,2021-12-05T15:08:02+0100
"2021/04/elements-abstract-collection-shapes-X8FYGQG.png",13261,2021-12-05T15:08:02+0100
"2021/04/brunette-fitness-woman-sit-on-rug-indoors-at-home-QAQEEZX-150x150.jpg",6253,2021-12-05T15:08:02+0100
"2021/04/woman-doing-triangle-yoga-pose-indoors-R2GN9DV-450x450.jpg",31507,2025-11-22T06:59:38+0100
"2021/04/elements-abstract-collection-shapes-X8FYGQG-4-450x352.png",10969,2025-11-22T06:59:24+0100
"2021/04/wave-bg-4-1-1568x199.png",14364,2021-12-05T15:08:04+0100
"2021/04/a-beautiful-girl-is-engaged-in-a-yoga-studio-XDDCX6T-1.jpg",29759,2021-12-05T15:08:01+0100
"2021/04/young-smiling-guy-sitting-on-a-fitness-mat-and-med-PKEXUMP-300x288.jpg",12997,2021-12-05T15:08:06+0100
"2021/04/smiling-lady-in-eyeglasses-and-dress-standing-with-SBAK95C.jpg",11861,2021-12-05T15:08:04+0100
"2021/04/wave-bg-footer-100x100.png",1182,2025-11-22T06:58:46+0100
"2021/04/wave-bg-450x400.png",5914,2025-11-22T07:00:13+0100
"2021/04/wave-bg-2-150x150.png",1555,2021-12-05T15:08:04+0100
"2021/04/wave-bg-4-1-150x150.png",1541,2021-12-05T15:08:04+0100
"2021/04/young-woman-doing-supta-bhekasana-RX8X9NY-768x413.jpg",36940,2021-12-05T15:08:06+0100
"2021/04/elements-abstract-collection-shapes-X8FYGQG-3-150x150.png",8336,2021-12-05T15:08:02+0100
"2021/04/yoga-concept-sportswoman-sitting-in-lotus-pose-ZH55QF9-150x150.jpg",5554,2021-12-05T15:08:05+0100
"2021/04/a-beautiful-girl-is-engaged-in-a-yoga-studio-XDDCX6T-1-300x300.jpg",12750,2021-12-05T15:08:01+0100
"2021/04/group-of-people-making-yoga-exercises-at-studio-P5QECEG-600x400.jpg",21790,2025-11-22T06:59:22+0100
"2021/04/group-of-people-making-yoga-exercises-at-studio-P5QECEG-100x100.jpg",2288,2025-11-22T06:59:22+0100
"2021/04/beautiful-concentrated-young-caucasian-woman-LGRPYFL-100x100.png",7410,2025-11-22T07:00:06+0100
"2021/04/elements-abstract-collection-shapes-X8FYGQG-2-300x214.png",12502,2021-12-05T15:08:02+0100
"2021/04/woman-doing-yoga-in-a-hammock-GBHVS37-768x495.jpg",36579,2021-12-05T15:08:05+0100
"2021/04/elements-50-yoga-poses-line-icons-HGVM3M.png",6937,2021-12-05T15:08:02+0100
"2021/04/hero-bg-600x335.png",4077,2025-11-22T07:00:19+0100
"2021/04/wave-bg-footer-1536x213.png",14527,2021-12-05T15:08:04+0100
"2021/04/sidebend-in-sukhasana-pose-P8CGS9F.jpg",492189,2021-12-05T15:08:04+0100
"2021/04/meditating-couple-in-yoga-studio-6EAQN3P-1-450x450.jpg",27376,2025-11-22T06:58:32+0100
"2021/04/yoga-concept-sportswoman-sitting-in-lotus-pose-ZH55QF9-300x288.jpg",14795,2021-12-05T15:08:05+0100
"2021/04/sidebend-in-sukhasana-pose-P8CGS9F-600x506.jpg",35363,2025-11-22T06:58:56+0100
"2021/04/young-attractive-woman-relaxing-and-practicing-yog-Q8XLWYF-150x150.jpg",6155,2021-12-05T15:08:05+0100
"2021/04/elements-abstract-collection-shapes-X8FYGQG-4-150x150.png",7342,2021-12-05T15:08:02+0100
"2021/04/meditating-couple-in-yoga-studio-6EAQN3P-1-100x100.jpg",3309,2025-11-22T06:58:32+0100
"2021/04/sidebend-in-sukhasana-pose-P8CGS9F-150x150.jpg",6201,2021-12-05T15:08:04+0100
"2021/04/sidebend-in-sukhasana-pose-P8CGS9F-300x253.jpg",13780,2021-12-05T15:08:04+0100
"2021/04/wave-bg-768x123.png",6517,2021-12-05T15:08:04+0100
"2021/04/wave-bg-4-300x38.png",2052,2021-12-05T15:08:04+0100
"2021/04/wave-bg-3-600x188.png",4181,2025-11-22T06:58:54+0100
"2021/04/young-woman-doing-supta-bhekasana-RX8X9NY-300x161.jpg",9423,2021-12-05T15:08:06+0100
"2021/04/woman-doing-yoga-in-a-hammock-GBHVS37-150x150.jpg",4379,2021-12-05T15:08:05+0100
"2021/04/hero-bg-1568x875.png",27056,2021-12-05T15:08:03+0100
"2021/04/wave-image.png",3133,2021-12-05T15:08:04+0100
"2021/04/beautiful-concentrated-young-caucasian-woman-LGRPYFL-450x450.png",94249,2025-11-22T07:00:06+0100
"2021/04/wave-bg-4-450x318.png",8459,2025-11-22T06:58:42+0100
"2021/04/group-of-people-making-yoga-exercises-at-studio-P5QECEG-450x450.jpg",19222,2025-11-22T06:59:22+0100
"2021/04/elements-abstract-collection-shapes-X8FYGQG-3.png",11055,2021-12-05T15:08:02+0100
"2021/04/a-beautiful-girl-is-engaged-in-a-yoga-studio-XDDCX6T-1-150x150.jpg",4552,2021-12-05T15:08:01+0100
"2021/04/woman-doing-yoga-in-a-hammock-GBHVS37.jpg",98646,2021-12-05T15:08:05+0100
"2021/04/woman-practicing-yoga-at-home-VXZRF8D-150x150.jpg",6505,2021-12-05T15:08:05+0100
"2021/04/wave-bg-2-768x286.png",7730,2021-12-05T15:08:04+0100
"2021/04/wave-bg-4-1568x199.png",14364,2021-12-05T15:08:04+0100
"2021/04/group-of-three-people-doing-a-crow-yoga-pose-ZRQPXMC-1-150x150.jpg",6769,2021-12-05T15:08:02+0100
"2021/04/group-of-three-people-doing-a-crow-yoga-pose-ZRQPXMC-1-600x328.jpg",38353,2025-11-22T06:59:35+0100
"2021/04/wave-bg-2-1024x382.png",10774,2021-12-05T15:08:04+0100
"2021/04/group-of-people-making-yoga-exercises-at-studio-P5QECEG-1536x1024.jpg",85875,2021-12-05T15:08:02+0100
"2021/04/young-smiling-guy-sitting-on-a-fitness-mat-and-med-PKEXUMP-150x150.jpg",5085,2021-12-05T15:08:06+0100
"2021/04/woman-doing-triangle-yoga-pose-indoors-R2GN9DV-100x100.jpg",3639,2025-11-22T06:59:38+0100
"2021/04/elements-abstract-collection-shapes-X8FYGQG-2.png",16924,2021-12-05T15:08:02+0100
"2021/04/wave-bg-600x96.png",4589,2025-11-22T07:00:14+0100
"2021/04/woman-meditating-at-yoga-studio-P2TGVNJ-100x100.jpg",3935,2025-11-22T06:59:30+0100
"2021/04/wave-bg-3-2048x643.png",19628,2021-12-05T15:08:04+0100
"2021/04/elements-abstract-collection-shapes-X8FYGQG-150x150.png",5954,2021-12-05T15:08:02+0100
"2021/04/young-woman-doing-supta-bhekasana-RX8X9NY-450x450.jpg",30644,2025-11-22T06:58:51+0100
"2021/04/wave-bg-3-100x100.png",1501,2025-11-22T06:58:54+0100
"2021/04/young-thoughtful-woman-in-sporty-top-and-white-leg-XYCRPQT-150x150.jpg",5741,2021-12-05T15:08:06+0100
"2021/04/yoga-concept-sportswoman-sitting-in-lotus-pose-ZH55QF9.jpg",34457,2021-12-05T15:08:05+0100
"2021/04/woman-doing-triangle-yoga-pose-indoors-R2GN9DV-300x230.jpg",12947,2021-12-05T15:08:05+0100
"2021/04/beautiful-concentrated-young-caucasian-woman-LGRPYFL-600x782.png",174571,2025-11-22T07:00:11+0100
"2021/04/group-of-people-making-yoga-exercises-at-studio-P5QECEG.jpg",78495,2021-12-05T15:08:02+0100
"2021/04/woman-doing-yoga-in-a-hammock-GBHVS37-1568x1011.jpg",115285,2021-12-05T15:08:05+0100
"2021/04/wave-bg-300x48.png",2291,2021-12-05T15:08:04+0100
"2021/04/elements-abstract-collection-shapes-X8FYGQG-5.png",8880,2021-12-05T15:08:02+0100
"2021/04/elements-abstract-collection-shapes-X8FYGQG-600x465.png",14607,2025-11-22T07:00:01+0100
"2021/04/wave-bg-2-300x112.png",2746,2021-12-05T15:08:04+0100
"2021/04/group-of-people-making-yoga-exercises-at-studio-P5QECEG-300x200.jpg",8021,2021-12-05T15:08:02+0100
"2021/04/group-of-three-people-doing-a-crow-yoga-pose-ZRQPXMC-1-1568x858.jpg",167035,2021-12-05T15:08:03+0100
"2021/04/wave-image-100x100.png",1349,2025-11-22T06:59:26+0100
"2021/04/yoga-indoors-toestand-pose-P6CGV4A-150x150.jpg",4821,2021-12-05T15:08:05+0100
"2021/04/yoga-indoors-eka-pada-rajakapotasana-P826STD-100x100.jpg",2892,2025-11-22T07:00:21+0100
"2021/04/wave-bg-4-1-300x38.png",2052,2021-12-05T15:08:04+0100
"2021/04/wave-bg-4-1-2048x261.png",20084,2021-12-05T15:08:04+0100
"2021/04/sidebend-in-sukhasana-pose-P8CGS9F-768x648.jpg",50036,2021-12-05T15:08:04+0100
"2021/04/elements-abstract-collection-shapes-X8FYGQG-2-100x100.png",1340,2025-11-22T06:59:52+0100
"2021/04/hero-bg-150x150.png",1612,2021-12-05T15:08:03+0100
"2021/04/hero-content-bg.png",928,2021-12-05T15:08:03+0100
"2021/04/sidebend-in-sukhasana-pose-P8CGS9F-1024x864.jpg",74899,2021-12-05T15:08:04+0100
"2021/04/elements-abstract-collection-shapes-X8FYGQG-4.png",13393,2021-12-05T15:08:02+0100
"2021/04/young-fit-woman-doing-yoga-exercise-4PT8Z3X-150x150.jpg",6550,2021-12-05T15:08:05+0100
"2021/04/young-attractive-woman-relaxing-and-practicing-yog-Q8XLWYF-300x230.jpg",14357,2021-12-05T15:08:05+0100
"2021/04/hero-bg-768x429.png",10924,2021-12-05T15:08:03+0100
"2021/04/wave-image-150x150.png",3261,2021-12-05T15:08:04+0100
"2021/04/wave-bg-4-1-450x318.png",8459,2025-11-22T06:58:40+0100
"2021/04/wave-bg-3.png",8180,2021-12-05T15:08:04+0100
"2021/04/wave-bg-2.png",13663,2021-12-05T15:08:04+0100
"2021/04/wave-bg-2-600x224.png",1239,2025-11-22T06:59:20+0100
"2021/04/hero-bg-100x100.png",1106,2025-11-22T07:00:18+0100
"2021/04/elements-abstract-collection-shapes-X8FYGQG-2-150x150.png",4103,2021-12-05T15:08:02+0100
"2021/04/yoga-indoors-eka-pada-rajakapotasana-P826STD-300x247.jpg",11467,2021-12-05T15:08:05+0100
"2021/04/yoga-indoors-eka-pada-rajakapotasana-P826STD-150x150.jpg",5018,2021-12-05T15:08:05+0100
"2021/04/yoga-indoors-toestand-pose-P6CGV4A-100x100.jpg",2778,2025-11-22T06:58:58+0100
"2021/04/young-fit-woman-doing-yoga-exercise-4PT8Z3X-100x100.jpg",3803,2025-11-22T06:59:02+0100
"2021/04/wave-bg-4-1-1536x195.png",14032,2021-12-05T15:08:04+0100
"2021/04/meditation-during-yoga-49HP3EF-450x450.jpg",28523,2025-11-22T06:59:50+0100
"2021/04/wave-bg-4-1024x130.png",8469,2021-12-05T15:08:04+0100
"2021/04/meditation-during-yoga-49HP3EF.jpg",23577,2021-12-05T15:08:03+0100
"2021/04/hero-bg-1024x572.png",15325,2021-12-05T15:08:03+0100
"2021/04/wave-bg-2-1536x573.png",17220,2021-12-05T15:08:04+0100
"2021/04/elements-abstract-collection-shapes-X8FYGQG-100x100.png",1712,2025-11-22T07:00:01+0100
"2021/04/wave-bg-4-768x98.png",5937,2021-12-05T15:08:04+0100
"2021/04/woman-doing-yoga-in-a-hammock-GBHVS37-300x193.jpg",8650,2021-12-05T15:08:05+0100
"2021/04/beautiful-concentrated-young-caucasian-woman-LGRPYFL.png",144829,2021-12-05T15:08:01+0100
"2021/04/woman-meditating-at-yoga-studio-P2TGVNJ-150x150.jpg",6681,2021-12-05T15:08:05+0100
"2021/04/woman-practicing-yoga-at-home-VXZRF8D-300x230.jpg",13735,2021-12-05T15:08:05+0100
"2021/04/elements-50-yoga-poses-line-icons-HGVM3M-3.png",5723,2021-12-05T15:08:02+0100
"2021/04/young-thoughtful-woman-in-sporty-top-and-white-leg-XYCRPQT-100x100.jpg",3277,2025-11-22T06:59:29+0100
"2021/04/wave-bg-3-150x150.png",1449,2021-12-05T15:08:04+0100
"2021/04/elements-abstract-collection-shapes-X8FYGQG-4-300x192.png",18071,2021-12-05T15:08:02+0100
"2021/04/elements-50-yoga-poses-line-icons-HGVM3M-2.png",5102,2021-12-05T15:08:02+0100
"2021/04/hero-bg-300x168.png",3685,2021-12-05T15:08:03+0100
"2021/04/young-woman-doing-supta-bhekasana-RX8X9NY.jpg",48115,2021-12-05T15:08:06+0100
"2021/04/wave-bg-footer-600x83.png",4170,2025-11-22T06:58:46+0100
"2021/04/young-woman-stretching-legs-6JBAXWF.jpg",9068,2021-12-05T15:08:06+0100
"2021/04/wave-bg-2-450x450.png",1228,2025-11-22T06:59:19+0100
"2021/04/woman-practicing-yoga-at-home-VXZRF8D.jpg",32397,2021-12-05T15:08:05+0100
"2021/04/woman-practicing-yoga-at-home-VXZRF8D-100x100.jpg",3710,2025-11-22T06:59:44+0100
"2021/04/hero-bg-1536x858.png",26561,2021-12-05T15:08:03+0100
"2021/04/a-beautiful-girl-is-engaged-in-a-yoga-studio-XDDCX6T-1-100x100.jpg",2653,2025-11-22T06:58:34+0100
"2021/04/wave-image-298x300.png",7115,2021-12-05T15:08:04+0100
"2021/04/group-of-people-making-yoga-exercises-at-studio-P5QECEG-1568x1045.jpg",88179,2021-12-05T15:08:02+0100
"2021/04/elements-lotus-flower-logo-organic-spa-beauty-salon-PTWC7ZH.png",3837,2021-12-05T15:08:02+0100
"2021/04/wave-bg-4-1.png",6222,2021-12-05T15:08:04+0100
"2021/04/group-of-three-people-doing-a-crow-yoga-pose-ZRQPXMC-1-2048x1121.jpg",247947,2021-12-05T15:08:03+0100
"2021/04/young-smiling-guy-sitting-on-a-fitness-mat-and-med-PKEXUMP-100x100.jpg",3001,2025-11-22T06:59:00+0100
"2021/04/wave-bg-4.png",6222,2021-12-05T15:08:04+0100
"2021/04/woman-doing-yoga-in-a-hammock-GBHVS37-1024x660.jpg",58759,2021-12-05T15:08:05+0100
"2021/04/wave-bg-footer.png",7655,2021-12-05T15:08:04+0100
"2021/04/group-of-three-people-doing-a-crow-yoga-pose-ZRQPXMC-1-100x100.jpg",3783,2025-11-22T06:59:34+0100
"2021/04/woman-doing-triangle-yoga-pose-indoors-R2GN9DV-150x150.jpg",6349,2021-12-05T15:08:05+0100
"2021/04/wave-bg-4-1-768x98.png",5937,2021-12-05T15:08:04+0100
"2021/04/wave-bg-3-1024x322.png",7912,2021-12-05T15:08:04+0100
"2021/04/elements-abstract-collection-shapes-X8FYGQG-4-100x100.png",1964,2025-11-22T06:59:24+0100
"2021/04/young-attractive-woman-relaxing-and-practicing-yog-Q8XLWYF-100x100.jpg",3454,2025-11-22T06:59:41+0100
"2021/04/young-woman-doing-supta-bhekasana-RX8X9NY-600x323.jpg",25747,2025-11-22T06:58:52+0100
"2021/04/elements-abstract-collection-shapes-X8FYGQG-300x233.png",13402,2021-12-05T15:08:02+0100
"2021/04/woman-doing-triangle-yoga-pose-indoors-R2GN9DV.jpg",27616,2021-12-05T15:08:05+0100
"2021/04/sidebend-in-sukhasana-pose-P8CGS9F-100x100.jpg",3872,2025-11-22T06:58:56+0100
"2021/04/yoga-indoors-eka-pada-rajakapotasana-P826STD.jpg",100366,2021-12-05T15:08:05+0100
"2021/04/meditating-couple-in-yoga-studio-6EAQN3P-1-150x150.jpg",5641,2021-12-05T15:08:03+0100
"2021/04/woman-doing-yoga-in-a-hammock-GBHVS37-100x100.jpg",2549,2025-11-22T06:58:38+0100
"2021/04/elements-abstract-collection-shapes-X8FYGQG-3-300x172.png",17375,2021-12-05T15:08:02+0100
"2021/04/yoga-concept-sportswoman-sitting-in-lotus-pose-ZH55QF9-450x450.jpg",28403,2025-11-22T06:58:36+0100
"2021/04/elements-lotus-flower-logo-organic-spa-beauty-salon-PTWC7ZH-100x39.png",2181,2025-11-22T06:58:48+0100
"2021/04/elements-50-yoga-poses-line-icons-HGVM3M-4.png",6685,2021-12-05T15:08:02+0100
"2021/04/group-of-three-people-doing-a-crow-yoga-pose-ZRQPXMC-1-1024x560.jpg",87117,2021-12-05T15:08:02+0100
"2021/04/wave-bg-footer-450x346.png",6041,2025-11-22T06:58:46+0100
"2021/05/IMG_5043_DxO_small.jpg",72098,2021-12-05T15:08:13+0100
"2021/05/bg_color_pallete-600x441.jpg",26267,2025-11-22T06:58:14+0100
"2021/05/Logo_21-05-09-100x100.jpg",3328,2025-11-22T06:57:45+0100
"2021/05/IMG_5043_DxO_small-e1638380989973-768x512.jpg",40512,2021-12-05T15:08:32+0100
"2021/05/IMG_6605_DxO_small.jpg",39485,2021-12-05T15:08:28+0100
"2021/05/Logo_navi_horizontal-2-100x100.png",2281,2025-11-22T06:57:22+0100
"2021/05/IMG_5686_DxO_small-600x396.jpg",52720,2025-11-22T06:57:05+0100
"2021/05/Logo_21-05-09-100x100.png",1016,2025-11-22T06:57:48+0100
"2021/05/smile_hand_up_with_mat-1.jpg",134972,2021-12-05T15:08:10+0100
"2021/05/Logo_navi_horizontal-1-450x200.png",4154,2025-11-22T06:57:27+0100
"2021/05/walkin_in_to_class_and_smiling-e1638372897243-100x100.jpg",3167,2025-11-22T06:58:22+0100
"2021/05/IMG_6687_DxO_small-300x200.jpg",13005,2021-12-05T15:08:13+0100
"2021/05/white_overlay_testimonny-600x391.png",89701,2025-11-22T06:57:53+0100
"2021/05/IMG_5453_DxO_small-450x450.jpg",24701,2025-11-22T06:56:47+0100
"2021/05/IMG_6492-1024x682.jpg",67198,2021-12-05T15:08:26+0100
"2021/05/lamicke_split-450x450.jpg",21273,2025-11-22T06:58:07+0100
"2021/05/IMG_5062_DxO_small-150x150.jpg",9812,2021-12-05T15:08:26+0100
"2021/05/Logo_navi_compact-2-1024x315.png",45399,2021-12-05T15:08:09+0100
"2021/05/Logo_navi_horizontal-450x200.png",4154,2025-11-22T06:57:34+0100
"2021/05/IMG_5043_DxO_small-e1638380989973-150x150.jpg",10508,2021-12-05T15:08:32+0100
"2021/05/IMG_5102_DxO_small-16x12.jpg",6981,2021-12-05T15:08:26+0100
"2021/05/teachng_worrior_with_jenny.jpg",141152,2021-12-05T15:08:11+0100
"2021/05/IMG_5050_DxO_small.jpg",50903,2021-12-05T15:08:27+0100
"2021/05/IMG_6560_DxO_small-150x150.jpg",9280,2021-12-05T15:08:14+0100
"2021/05/tree_pose_with_jenny-1024x683.jpg",57932,2021-12-05T15:08:11+0100
"2021/05/Logo_navi_horizontal-150x150.png",2878,2021-12-05T15:08:09+0100
"2021/05/Logo_navi_compact-300x73.png",10880,2021-12-05T15:08:09+0100
"2021/05/IMG_5167_DxO_small-100x100.jpg",8431,2025-11-22T06:57:10+0100
"2021/05/in_the_park_white-1024x1024.jpg",314545,2021-12-05T15:08:29+0100
"2021/05/Logo_navi_compact-2-450x450.png",9220,2025-11-22T06:57:32+0100
"2021/05/Logo_navi_compact-2-768x237.png",33048,2021-12-05T15:08:09+0100
"2021/05/Logo_navi_b-4-1024x199.png",29099,2021-12-05T15:08:08+0100
"2021/05/smile_hand_up_with_mat-1-450x450.jpg",27032,2025-11-22T06:58:00+0100
"2021/05/Logo_navi_horizontal-1-150x150.png",2878,2021-12-05T15:08:09+0100
"2021/05/teaching_smiling_on_mat-1024x667.jpg",68146,2021-12-05T15:08:11+0100
"2021/05/IMG_5077_DxO_small-16x12.jpg",6857,2021-12-05T15:08:26+0100
"2021/05/infinity_sign_with_jenny-600x400.jpg",22618,2025-11-22T06:58:08+0100
"2021/05/another_relaxed_mood-1-100x100.jpg",3173,2025-11-22T06:58:16+0100
"2021/05/infinity_sign_with_jenny-100x100.jpg",2470,2025-11-22T06:58:08+0100
"2021/05/another_relaxed_mood-1-600x400.jpg",29937,2025-11-22T06:58:16+0100
"2021/05/IMG_5416_DxO_small.jpg",29670,2021-12-05T15:08:27+0100
"2021/05/how-300x200.jpg",8531,2021-12-05T15:08:07+0100
"2021/05/IMG_5686_DxO_small-300x198.jpg",18043,2021-12-05T15:08:14+0100
"2021/05/william-krause-622690-unsplash-300x200.jpg",11862,2021-12-05T15:08:29+0100
"2021/05/cropped-Logo_21-05-09-2-150x150.png",8448,2021-12-05T15:08:06+0100
"2021/05/another_relaxed_mood-450x450.jpg",27109,2025-11-22T06:58:28+0100
"2021/05/Logo_fav-2.svg",5353,2021-12-05T15:08:08+0100
"2021/05/IMG_5167_DxO_small.jpg",25716,2021-12-05T15:08:13+0100
"2021/05/teachng_worrior_with_jenny-100x100.jpg",3179,2025-11-22T06:58:25+0100
"2021/05/moode.jpg",124079,2021-12-05T15:08:10+0100
"2021/05/william-krause-622690-unsplash.jpg",404181,2021-12-05T15:08:29+0100
"2021/05/IMG_5686_DxO_small-450x450.jpg",47531,2025-11-22T06:57:05+0100
"2021/05/IMG_6492-768x512.jpg",52102,2021-12-05T15:08:26+0100
"2021/05/IMG_5050_DxO_small-150x150.jpg",9497,2021-12-05T15:08:27+0100
"2021/05/shoulder_stretch-768x512.jpg",33054,2021-12-05T15:08:10+0100
"2021/05/moode-300x200.jpg",11004,2021-12-05T15:08:10+0100
"2021/05/teachng_worrior_with_jenny-600x400.jpg",27887,2025-11-22T06:58:25+0100
"2021/05/IMG_5292_DxO_small-450x450.jpg",28328,2025-11-22T06:56:36+0100
"2021/05/shoulder_stretch-150x150.jpg",3913,2021-12-05T15:08:10+0100
"2021/05/smile_hand_up_with_mat-300x200.jpg",8531,2021-12-05T15:08:10+0100
"2021/05/IMG_5416_DxO_small-100x100.jpg",8625,2025-11-22T06:56:44+0100
"2021/05/lamicke_split-1024x683.jpg",51730,2021-12-05T15:08:07+0100
"2021/05/walkin_in_to_class_and_smiling-e1638372897243-300x169.jpg",7754,2021-12-05T15:08:31+0100
"2021/05/Logo_21-05-09-600x600.png",6158,2025-11-22T06:57:48+0100
"2021/05/cropped-Logo_21-05-09-100x100.png",884,2025-11-22T06:57:43+0100
"2021/05/Logo_21-05-09-600x600.jpg",29323,2025-11-22T06:57:45+0100
"2021/05/IMG_5416_DxO_small-600x400.jpg",26530,2025-11-22T06:56:44+0100
"2021/05/IMG_6560_DxO_small-768x511.jpg",28639,2021-12-05T15:08:14+0100
"2021/05/IMG_6492-150x150.jpg",26864,2021-12-05T15:08:26+0100
"2021/05/yellow_laught_energy_sitting_on_mat-768x512.jpg",40406,2021-12-05T15:08:13+0100
"2021/05/moode-450x450.jpg",26591,2025-11-22T06:58:05+0100
"2021/05/cropped-Logo_21-05-09-1.png",35449,2021-12-05T15:08:06+0100
"2021/05/IMG_5077_DxO_small-300x207.jpg",12784,2021-12-05T15:08:26+0100
"2021/05/IMG_5102_DxO_small-768x522.jpg",33038,2021-12-05T15:08:26+0100
"2021/05/another_relaxed_mood-300x200.jpg",11076,2021-12-05T15:08:06+0100
"2021/05/Logo_navi_compact-2-600x185.png",11251,2025-11-22T06:57:32+0100
"2021/05/another_relaxed_mood-1024x683.jpg",72959,2021-12-05T15:08:06+0100
"2021/05/white_pant_low_lunch.jpg",104762,2021-12-05T15:08:12+0100
"2021/05/smile_hand_up_with_mat-450x450.jpg",27032,2025-11-22T06:57:58+0100
"2021/05/yellow_laught_energy_sitting_on_mat-150x150.jpg",4936,2021-12-05T15:08:13+0100
"2021/05/background-Fallback-404.2-150x150.jpg",2628,2021-12-05T15:08:06+0100
"2021/05/Logo_navi_compact-768x187.png",31699,2021-12-05T15:08:09+0100
"2021/05/IMG_5292_DxO_small-300x200.jpg",15553,2021-12-05T15:08:28+0100
"2021/05/white_overlay_testimonny.png",556727,2021-12-05T15:08:12+0100
"2021/05/IMG_5092_DxO-scaled-450x450.jpg",25592,2025-11-22T06:57:03+0100
"2021/05/white_overlay_testimonny-1024x667.png",305881,2021-12-05T15:08:13+0100
"2021/05/architecture-bay-bay-bridge-1006965-1568x1045.jpg",209639,2021-12-05T15:08:31+0100
"2021/05/william-krause-622690-unsplash-450x450.jpg",26971,2025-11-22T06:56:32+0100
"2021/05/Logo_thin_de.svg",5454,2021-12-05T15:08:32+0100
"2021/05/how-450x450.jpg",27032,2025-11-22T06:58:10+0100
"2021/05/Logo_navi_b-4-e1620582309215-100x100.png",1675,2025-11-22T06:57:38+0100
"2021/05/Logo_navi_horizontal-2-768x175.png",24615,2021-12-05T15:08:09+0100
"2021/05/yellow_laught_energy_sitting_on_mat-1024x683.jpg",67541,2021-12-05T15:08:13+0100
"2021/05/white_overlay_testimonny-450x450.png",77527,2025-11-22T06:57:52+0100
"2021/05/IMG_5043_DxO_small-768x520.jpg",39988,2021-12-05T15:08:13+0100
"2021/05/cropped-Logo_21-05-09-1-180x180.png",10084,2021-12-05T15:08:06+0100
"2021/05/cropped-Logo_21-05-09-2.png",13992,2021-12-05T15:08:06+0100
"2021/05/smile_hand_up_with_mat-1-300x200.jpg",8531,2021-12-05T15:08:10+0100
"2021/05/in_the_park_white-e1638373306837-225x300.jpg",24673,2021-12-05T15:08:31+0100
"2021/05/IMG_5077_DxO_small-450x450.jpg",23482,2025-11-22T06:56:51+0100
"2021/05/IMG_5092_DxO-scaled.jpg",348891,2021-12-05T15:08:23+0100
"2021/05/placeholder-1024x683.png",7514,2021-12-05T15:08:26+0100
"2021/05/infinity_sign_with_jenny.jpg",139958,2021-12-05T15:08:07+0100
"2021/05/Logo_21-05-09-768x767.jpg",40069,2021-12-05T15:08:08+0100
"2021/05/white_pant_low_lunch-450x450.jpg",18914,2025-11-22T06:58:20+0100
"2021/05/tree_pose_with_jenny.jpg",135863,2021-12-05T15:08:11+0100
"2021/05/Logo_navi_compact-1-600x137.png",9132,2025-11-22T06:57:24+0100
"2021/05/tree_pose_with_jenny-768x512.jpg",33535,2021-12-05T15:08:11+0100
"2021/05/IMG_6082-768x512.jpg",79522,2021-12-05T15:08:27+0100
"2021/05/moode-1024x683.jpg",67622,2021-12-05T15:08:10+0100
"2021/05/Logo_navi_compact-600x146.png",11693,2025-11-22T06:57:36+0100
"2021/05/IMG_5092_DxO-768x519.jpg",37437,2021-12-05T15:08:23+0100
"2021/05/IMG_6492-1568x1045.jpg",107765,2021-12-05T15:08:26+0100
"2021/05/white_pant_low_lunch-300x205.jpg",6982,2021-12-05T15:08:13+0100
"2021/05/lamicke_split-300x200.jpg",8308,2021-12-05T15:08:07+0100
"2021/05/Logo_navi_compact-2-1568x483.png",73781,2021-12-05T15:08:09+0100
"2021/05/IMG_5453_DxO_small-300x200.jpg",12271,2021-12-05T15:08:26+0100
"2021/05/Logo_navi_b-4-768x149.png",21178,2021-12-05T15:08:08+0100
"2021/05/tree_pose_with_jenny-150x150.jpg",4553,2021-12-05T15:08:11+0100
"2021/05/IMG_6082-150x150.jpg",34147,2021-12-05T15:08:27+0100
"2021/05/hmmmmmm_smiling_sit_pose.jpg",143238,2021-12-05T15:08:07+0100
"2021/05/IMG_6687_DxO_small-450x450.jpg",25855,2025-11-22T06:57:08+0100
"2021/05/IMG_5050_DxO_small-768x528.jpg",30931,2021-12-05T15:08:27+0100
"2021/05/IMG_6131-16x12.jpg",25318,2021-12-05T15:08:24+0100
"2021/05/IMG_6687_DxO_small-16x12.jpg",5533,2021-12-05T15:08:13+0100
"2021/05/placeholder-450x450.png",3172,2025-11-22T06:56:54+0100
"2021/05/split_with_estelle.jpg",105750,2021-12-05T15:08:10+0100
"2021/05/IMG_5092_DxO-300x203.jpg",13363,2021-12-05T15:08:23+0100
"2021/05/IMG_5050_DxO_small-600x413.jpg",22935,2025-11-22T06:56:46+0100
"2021/05/IMG_5077_DxO_small.jpg",54526,2021-12-05T15:08:26+0100
"2021/05/IMG_6492-1536x1024.jpg",104966,2021-12-05T15:08:26+0100
"2021/05/Logo_navi_horizontal.png",22437,2021-12-05T15:08:09+0100
"2021/05/teaching_smiling_on_mat-450x450.jpg",27311,2025-11-22T06:57:54+0100
"2021/05/Logo_navi_horizontal-1-300x70.png",8404,2021-12-05T15:08:09+0100
"2021/05/architecture-bay-bay-bridge-1006965-450x450.jpg",36122,2025-11-22T06:56:30+0100
"2021/05/Logo_navi_compact-1.png",23719,2021-12-05T15:08:09+0100
"2021/05/IMG_6082-100x100.jpg",31073,2025-11-22T06:56:42+0100
"2021/05/background-Fallback-404.2.jpg",12243,2021-12-05T15:08:06+0100
"2021/05/tree_pose_with_jenny-100x100.jpg",2544,2025-11-22T06:58:23+0100
"2021/05/IMG_5292_DxO_small.jpg",35143,2021-12-05T15:08:28+0100
"2021/05/IMG_6131-300x200.jpg",35384,2021-12-05T15:08:24+0100
"2021/05/MG_9099-300x200.jpg",15091,2021-12-05T15:08:31+0100
"2021/05/IMG_6082-600x400.jpg",63799,2025-11-22T06:56:42+0100
"2021/05/tree_pose_with_jenny-600x400.jpg",21481,2025-11-22T06:58:23+0100
"2021/05/Logo_navi_compact-1-300x68.png",8730,2021-12-05T15:08:09+0100
"2021/05/IMG_5092_DxO-1024x692.jpg",59693,2021-12-05T15:08:23+0100
"2021/05/william-krause-622690-unsplash-16x12.jpg",1235,2021-12-05T15:08:29+0100
"2021/05/Logo_navi_b-4-e1620582309215-450x200.png",4350,2025-11-22T06:57:38+0100
"2021/05/in_the_park_white-e1638373306837-768x1024.jpg",238733,2021-12-05T15:08:32+0100
"2021/05/white_pant_low_lunch-1024x699.jpg",58996,2021-12-05T15:08:13+0100
"2021/05/teaching_smiling_on_mat.jpg",128296,2021-12-05T15:08:11+0100
"2021/05/in_the_park_white-e1638373306837-600x800.jpg",157575,2025-11-22T06:56:34+0100
"2021/05/IMG_5777-300x200.jpg",35621,2021-12-05T15:08:25+0100
"2021/05/walkin_in_to_class_and_smiling-e1638372897243.jpg",81499,2021-12-05T15:08:31+0100
"2021/05/walkin_in_to_class_and_smiling-300x200.jpg",7388,2021-12-05T15:08:12+0100
"2021/05/IMG_5292_DxO_small-16x12.jpg",6880,2021-12-05T15:08:28+0100
"2021/05/background-Fallback-404.2-100x100.jpg",1664,2025-11-22T06:57:16+0100
"2021/05/in_the_park_white-e1638373306837-450x450.jpg",70764,2025-11-22T06:56:34+0100
"2021/05/yellow_laught_energy_sitting_on_mat-100x100.jpg",2871,2025-11-22T06:58:18+0100
"2021/05/hmmmmmm_smiling_sit_pose-450x450.jpg",30549,2025-11-22T06:58:12+0100
"2021/05/smile_hand_up_with_mat-1024x683.jpg",62200,2021-12-05T15:08:10+0100
"2021/05/yellow_laught_energy_sitting_on_mat-600x400.jpg",25903,2025-11-22T06:58:18+0100
"2021/05/IMG_5062_DxO_small-600x406.jpg",24574,2025-11-22T06:56:49+0100
"2021/05/Logo_navi_horizontal-2-300x68.png",8139,2021-12-05T15:08:09+0100
"2021/05/architecture-bay-bay-bridge-1006965-1536x1024.jpg",201460,2021-12-05T15:08:30+0100
"2021/05/split_with_estelle-450x450.jpg",23521,2025-11-22T06:57:56+0100
"2021/05/IMG_5092_DxO-16x12.jpg",6872,2021-12-05T15:08:24+0100
"2021/05/in_the_park_white-150x150.jpg",8369,2021-12-05T15:08:29+0100
"2021/05/IMG_6605_DxO_small-450x450.jpg",32377,2025-11-22T06:56:40+0100
"2021/05/IMG_5102_DxO_small-300x204.jpg",12796,2021-12-05T15:08:26+0100
"2021/05/Logo_navi_compact-2.png",210107,2021-12-05T15:08:09+0100
"2021/05/architecture-bay-bay-bridge-1006965-1024x682.jpg",98640,2021-12-05T15:08:30+0100
"2021/05/Logo_navi_b-4-e1620582309215-600x116.png",7817,2025-11-22T06:57:38+0100
"2021/05/IMG_5102_DxO_small-450x450.jpg",23027,2025-11-22T06:56:52+0100
"2021/05/IMG_6605_DxO_small-300x200.jpg",15816,2021-12-05T15:08:28+0100
"2021/05/IMG_5062_DxO_small-16x12.jpg",6863,2021-12-05T15:08:26+0100
"2021/05/IMG_6560_DxO_small.jpg",23158,2021-12-05T15:08:13+0100
"2021/05/bg_color_pallete.jpg",43856,2021-12-05T15:08:06+0100
"2021/05/infinity_sign_with_jenny-150x150.jpg",4126,2021-12-05T15:08:07+0100
"2021/05/another_relaxed_mood-1-150x150.jpg",5367,2021-12-05T15:08:06+0100
"2021/05/split_with_estelle-300x200.jpg",8834,2021-12-05T15:08:11+0100
"2021/05/cropped-Logo_21-05-09-2-100x100.png",884,2025-11-22T06:57:40+0100
"2021/05/Logo_navi_horizontal-1.png",22282,2021-12-05T15:08:09+0100
"2021/05/another_relaxed_mood-1-768x512.jpg",45336,2021-12-05T15:08:06+0100
"2021/05/IMG_5092_DxO.jpg",9473553,2021-12-05T15:08:23+0100
"2021/05/infinity_sign_with_jenny-768x512.jpg",36081,2021-12-05T15:08:07+0100
"2021/05/IMG_5777-450x450.jpg",52806,2025-11-22T06:56:58+0100
"2021/05/teachng_worrior_with_jenny-1024x683.jpg",68462,2021-12-05T15:08:11+0100
"2021/05/IMG_5102_DxO_small-600x408.jpg",24290,2025-11-22T06:56:52+0100
"2021/05/split_with_estelle-1024x683.jpg",57626,2021-12-05T15:08:11+0100
"2021/05/IMG_5050_DxO_small-100x100.jpg",8180,2025-11-22T06:56:46+0100
"2021/05/cropped-Logo_21-05-09-1-150x150.png",7900,2021-12-05T15:08:06+0100
"2021/05/bg_color_pallete-450x450.jpg",20229,2025-11-22T06:58:14+0100
"2021/05/walkin_in_to_class_and_smiling-e1638372897243-18x10.jpg",431,2021-12-05T15:08:31+0100
"2021/05/teachng_worrior_with_jenny-150x150.jpg",5548,2021-12-05T15:08:11+0100
"2021/05/white_pant_low_lunch-768x524.jpg",32636,2021-12-05T15:08:13+0100
"2021/05/shoulder_stretch-600x400.jpg",21251,2025-11-22T06:58:03+0100
"2021/05/IMG_6492-100x100.jpg",25489,2025-11-22T06:56:56+0100
"2021/05/Logo_21-05-09-1024x1024.png",79609,2021-12-05T15:08:08+0100
"2021/05/in_the_park_white.jpg",254518,2021-12-05T15:08:28+0100
"2021/05/hmmmmmm_smiling_sit_pose-300x200.jpg",10904,2021-12-05T15:08:07+0100
"2021/05/cropped-Logo_21-05-09-150x150.png",8448,2021-12-05T15:08:06+0100
"2021/05/teachng_worrior_with_jenny-768x512.jpg",42377,2021-12-05T15:08:11+0100
"2021/05/IMG_5416_DxO_small-150x150.jpg",10185,2021-12-05T15:08:27+0100
"2021/05/shoulder_stretch-100x100.jpg",2300,2025-11-22T06:58:03+0100
"2021/05/IMG_6492-600x400.jpg",43817,2025-11-22T06:56:57+0100
"2021/05/Logo_21-05-09-1024x1024.jpg",58303,2021-12-05T15:08:08+0100
"2021/05/Logo_21-05-09-150x150.png",7561,2021-12-05T15:08:08+0100
"2021/05/smile_hand_up_with_mat.jpg",134972,2021-12-05T15:08:10+0100
"2021/05/IMG_5777-1024x682.jpg",88251,2021-12-05T15:08:25+0100
"2021/05/Logo_navi_horizontal-2-150x150.png",2942,2021-12-05T15:08:09+0100
"2021/05/yellow_laught_energy_sitting_on_mat.jpg",111738,2021-12-05T15:08:13+0100
"2021/05/Logo_21-05-09-150x150.jpg",5456,2021-12-05T15:08:08+0100
"2021/05/another_relaxed_mood-1-1024x683.jpg",72959,2021-12-05T15:08:06+0100
"2021/05/cropped-Logo_21-05-09-1-192x192.png",11104,2021-12-05T15:08:06+0100
"2021/05/Logo_navi_horizontal-2.png",21654,2021-12-05T15:08:09+0100
"2021/05/IMG_5043_DxO_small-e1638380989973-100x100.jpg",8869,2025-11-22T06:57:11+0100
"2021/05/IMG_5062_DxO_small-100x100.jpg",8453,2025-11-22T06:56:49+0100
"2021/05/MG_9099-450x450.jpg",45456,2025-11-22T06:56:28+0100
"2021/05/IMG_5167_DxO_small-768x507.jpg",31092,2021-12-05T15:08:13+0100
"2021/05/IMG_6131-450x450.jpg",52794,2025-11-22T06:57:00+0100
"2021/05/architecture-bay-bay-bridge-1006965-300x200.jpg",14481,2021-12-05T15:08:30+0100
"2021/05/walkin_in_to_class_and_smiling-e1638372897243-150x150.jpg",5571,2021-12-05T15:08:31+0100
"2021/05/IMG_5043_DxO_small-e1638380989973-600x400.jpg",28814,2025-11-22T06:57:11+0100
"2021/05/IMG_5416_DxO_small-768x511.jpg",35799,2021-12-05T15:08:27+0100
"2021/05/IMG_6560_DxO_small-600x400.jpg",22025,2025-11-22T06:57:06+0100
"2021/05/IMG_5043_DxO_small-300x203.jpg",13884,2021-12-05T15:08:13+0100
"2021/05/Logo_navi_horizontal-100x100.png",2583,2025-11-22T06:57:34+0100
"2021/05/placeholder-300x200.png",2008,2021-12-05T15:08:26+0100
"2021/05/IMG_6560_DxO_small-100x100.jpg",8197,2025-11-22T06:57:06+0100
"2021/05/Logo_navi_horizontal-1-100x100.png",2583,2025-11-22T06:57:27+0100
"2021/05/Logo_navi_b-4-150x150.png",2466,2021-12-05T15:08:08+0100
"2021/05/IMG_5686_DxO_small-16x12.jpg",6892,2021-12-05T15:08:14+0100
"2021/05/IMG_5777-16x12.jpg",25551,2021-12-05T15:08:25+0100
"2021/05/teaching_smiling_on_mat-600x391.jpg",29516,2025-11-22T06:57:55+0100
"2021/05/Logo_navi_horizontal-2-450x200.png",4058,2025-11-22T06:57:22+0100
"2021/05/IMG_5167_DxO_small-150x150.jpg",9821,2021-12-05T15:08:13+0100
"2021/05/IMG_5292_DxO_small-768x511.jpg",43526,2021-12-05T15:08:28+0100
"2021/05/Logo_navi_compact-2-scaled.png",52706,2025-11-22T06:57:31+0100
"2021/05/placeholder.png",6146,2021-12-05T15:08:26+0100
"2021/05/IMG_6560_DxO_small-450x450.jpg",20393,2025-11-22T06:57:06+0100
"2021/05/smile_hand_up_with_mat-1-768x512.jpg",37932,2021-12-05T15:08:10+0100
"2021/05/Logo_navi_b-4-1568x304.png",46586,2021-12-05T15:08:08+0100
"2021/05/Logo_navi_compact-2-1536x473.png",72035,2021-12-05T15:08:09+0100
"2021/05/smile_hand_up_with_mat-1-150x150.jpg",5054,2021-12-05T15:08:10+0100
"2021/05/IMG_6131-1568x1045.jpg",141818,2021-12-05T15:08:25+0100
"2021/05/walkin_in_to_class_and_smiling.jpg",131106,2021-12-05T15:08:12+0100
"2021/05/IMG_6560_DxO_small-16x12.jpg",6850,2021-12-05T15:08:14+0100
"2021/05/Logo_navi_compact-2-150x150.png",5478,2021-12-05T15:08:09+0100
"2021/05/IMG_5777-1568x1045.jpg",149705,2021-12-05T15:08:25+0100
"2021/05/IMG_5050_DxO_small-300x206.jpg",12144,2021-12-05T15:08:27+0100
"2021/05/Logo_navi_horizontal-600x140.png",9125,2025-11-22T06:57:34+0100
"2021/05/Logo_navi_compact-1-100x100.png",3099,2025-11-22T06:57:24+0100
"2021/05/in_the_park_white-e1638373306837.jpg",299319,2021-12-05T15:08:31+0100
"2021/05/lamicke_split-768x512.jpg",33002,2021-12-05T15:08:07+0100
"2021/05/MG_9099-100x100.jpg",4742,2025-11-22T06:56:28+0100
"2021/05/IMG_6131-600x400.jpg",52694,2025-11-22T06:57:01+0100
"2021/05/lamicke_split-150x150.jpg",4295,2021-12-05T15:08:07+0100
"2021/05/IMG_5062_DxO_small-450x450.jpg",23762,2025-11-22T06:56:49+0100
"2021/05/cropped-Logo_21-05-09-1-300x300.png",20724,2021-12-05T15:08:06+0100
"2021/05/IMG_5043_DxO_small-e1638380989973-450x450.jpg",28540,2025-11-22T06:57:11+0100
"2021/05/Logo_navi_horizontal-1-600x140.png",9160,2025-11-22T06:57:27+0100
"2021/05/IMG_6082-300x200.jpg",40575,2021-12-05T15:08:27+0100
"2021/05/tree_pose_with_jenny-300x200.jpg",7747,2021-12-05T15:08:11+0100
"2021/05/IMG_5050_DxO_small-16x12.jpg",6858,2021-12-05T15:08:27+0100
"2021/05/MG_9099-600x400.jpg",46952,2025-11-22T06:56:28+0100
"2021/05/IMG_6131-100x100.jpg",28415,2025-11-22T06:57:00+0100
"2021/05/hmmmmmm_smiling_sit_pose-1024x683.jpg",73883,2021-12-05T15:08:07+0100
"2021/05/IMG_5453_DxO_small-150x150.jpg",9784,2021-12-05T15:08:26+0100
"2021/05/Logo_21-05-09.jpg",224240,2021-12-05T15:08:08+0100
"2021/05/IMG_5777-100x100.jpg",28355,2025-11-22T06:56:58+0100
"2021/05/bg_color_pallete-300x221.jpg",9811,2021-12-05T15:08:06+0100
"2021/05/IMG_6082-1568x1045.jpg",178299,2021-12-05T15:08:28+0100
"2021/05/Logo_navi_compact-2-300x92.png",11680,2021-12-05T15:08:09+0100
"2021/05/Logo_21-05-09.png",114712,2021-12-05T15:08:08+0100
"2021/05/another_relaxed_mood-150x150.jpg",5367,2021-12-05T15:08:06+0100
"2021/05/IMG_5777-600x400.jpg",53607,2025-11-22T06:56:59+0100
"2021/05/cropped-Logo_21-05-09-1-270x270.png",17880,2021-12-05T15:08:06+0100
"2021/05/IMG_5686_DxO_small-150x150.jpg",11792,2021-12-05T15:08:14+0100
"2021/05/bg_color_pallete-100x100.jpg",2499,2025-11-22T06:58:14+0100
"2021/05/IMG_5050_DxO_small-450x450.jpg",21315,2025-11-22T06:56:45+0100
"2021/05/another_relaxed_mood-768x512.jpg",45336,2021-12-05T15:08:06+0100
"2021/05/Logo_21-05-09-300x300.jpg",12254,2021-12-05T15:08:08+0100
"2021/05/IMG_6492-450x450.jpg",39023,2025-11-22T06:56:56+0100
"2021/05/IMG_5077_DxO_small-768x529.jpg",33402,2021-12-05T15:08:26+0100
"2021/05/shoulder_stretch-450x450.jpg",22280,2025-11-22T06:58:03+0100
"2021/05/IMG_5292_DxO_small-150x150.jpg",10805,2021-12-05T15:08:28+0100
"2021/05/yellow_laught_energy_sitting_on_mat-300x200.jpg",9208,2021-12-05T15:08:13+0100
"2021/05/Logo_navi_compact-450x200.png",6203,2025-11-22T06:57:36+0100
"2021/05/placeholder-16x12.png",278,2021-12-05T15:08:26+0100
"2021/05/Logo_21-05-09-300x300.png",18506,2021-12-05T15:08:08+0100
"2021/05/cropped-Logo_21-05-09-1-32x32.png",968,2021-12-05T15:08:06+0100
"2021/05/IMG_5453_DxO_small-768x511.jpg",31456,2021-12-05T15:08:26+0100
"2021/05/MG_9099-16x12.jpg",1422,2021-12-05T15:08:31+0100
"2021/05/IMG_5062_DxO_small.jpg",54433,2021-12-05T15:08:26+0100
"2021/05/IMG_5686_DxO_small-768x507.jpg",79785,2021-12-05T15:08:14+0100
"2021/05/Logo_navi_compact-150x150.png",6743,2021-12-05T15:08:09+0100
"2021/05/white_overlay_testimonny-768x500.png",193068,2021-12-05T15:08:13+0100
"2021/05/william-krause-622690-unsplash-1536x1024.jpg",125415,2021-12-05T15:08:29+0100
"2021/05/Logo_navi_b-4-2048x397.png",63816,2021-12-05T15:08:08+0100
"2021/05/william-krause-622690-unsplash-768x512.jpg",45089,2021-12-05T15:08:29+0100
"2021/05/IMG_6605_DxO_small-600x400.jpg",34772,2025-11-22T06:56:40+0100
"2021/05/split_with_estelle-100x100.jpg",2530,2025-11-22T06:57:56+0100
"2021/05/how-768x512.jpg",37932,2021-12-05T15:08:07+0100
"2021/05/IMG_6605_DxO_small-100x100.jpg",9186,2025-11-22T06:56:40+0100
"2021/05/split_with_estelle-600x400.jpg",24801,2025-11-22T06:57:56+0100
"2021/05/IMG_6687_DxO_small-768x511.jpg",36947,2021-12-05T15:08:13+0100
"2021/05/how-150x150.jpg",5054,2021-12-05T15:08:07+0100
"2021/05/walkin_in_to_class_and_smiling-1024x683.jpg",57359,2021-12-05T15:08:12+0100
"2021/05/IMG_5102_DxO_small-100x100.jpg",8441,2025-11-22T06:56:52+0100
"2021/05/william-krause-622690-unsplash-150x150.jpg",5916,2021-12-05T15:08:29+0100
"2021/05/IMG_5062_DxO_small-300x203.jpg",12874,2021-12-05T15:08:26+0100
"2021/05/walkin_in_to_class_and_smiling-e1638372897243-600x337.jpg",23907,2025-11-22T06:58:22+0100
"2021/05/teaching_smiling_on_mat-300x196.jpg",11147,2021-12-05T15:08:11+0100
"2021/05/IMG_5453_DxO_small.jpg",26793,2021-12-05T15:08:26+0100
"2021/05/smile_hand_up_with_mat-768x512.jpg",37932,2021-12-05T15:08:10+0100
"2021/05/moode-150x150.jpg",5533,2021-12-05T15:08:10+0100
"2021/05/smile_hand_up_with_mat-150x150.jpg",5054,2021-12-05T15:08:10+0100
"2021/05/IMG_5092_DxO-1568x1060.jpg",131934,2021-12-05T15:08:24+0100
"2021/05/yellow_laught_energy_sitting_on_mat-450x450.jpg",26324,2025-11-22T06:58:18+0100
"2021/05/in_the_park_white-e1638373306837-100x100.jpg",4341,2025-11-22T06:56:34+0100
"2021/05/background-Fallback-404.2-450x450.jpg",11902,2025-11-22T06:57:16+0100
"2021/05/hmmmmmm_smiling_sit_pose-600x400.jpg",31328,2025-11-22T06:58:13+0100
"2021/05/moode-768x512.jpg",43457,2021-12-05T15:08:10+0100
"2021/05/shoulder_stretch-300x200.jpg",7009,2021-12-05T15:08:10+0100
"2021/05/IMG_6492-300x200.jpg",31271,2021-12-05T15:08:26+0100
"2021/05/hmmmmmm_smiling_sit_pose-100x100.jpg",3197,2025-11-22T06:58:12+0100
"2021/05/Logo_navi_horizontal-2-600x137.png",8736,2025-11-22T06:57:22+0100
"2021/05/teaching_smiling_on_mat-100x100.jpg",3234,2025-11-22T06:57:54+0100
"2021/05/IMG_6082-1024x682.jpg",107069,2021-12-05T15:08:27+0100
"2021/05/IMG_6082-450x450.jpg",62192,2025-11-22T06:56:42+0100
"2021/05/tree_pose_with_jenny-450x450.jpg",22649,2025-11-22T06:58:23+0100
"2021/05/architecture-bay-bay-bridge-1006965-100x100.jpg",6033,2025-11-22T06:56:30+0100
"2021/05/IMG_6687_DxO_small-150x150.jpg",9396,2021-12-05T15:08:13+0100
"2021/05/IMG_5043_DxO_small-e1638380989973-300x200.jpg",13624,2021-12-05T15:08:32+0100
"2021/05/architecture-bay-bay-bridge-1006965-600x400.jpg",39834,2025-11-22T06:56:30+0100
"2021/05/placeholder-100x100.png",701,2025-11-22T06:56:54+0100
"2021/05/Logo_navi_compact-1-768x175.png",26669,2021-12-05T15:08:09+0100
"2021/05/Logo_navi_horizontal-768x179.png",25557,2021-12-05T15:08:09+0100
"2021/05/architecture-bay-bay-bridge-1006965.jpg",486706,2021-12-05T15:08:30+0100
"2021/05/IMG_6560_DxO_small-300x200.jpg",12178,2021-12-05T15:08:13+0100
"2021/05/IMG_5416_DxO_small-16x12.jpg",6867,2021-12-05T15:08:27+0100
"2021/05/white_overlay_testimonny-150x150.png",17347,2021-12-05T15:08:13+0100
"2021/05/placeholder-600x400.png",3550,2025-11-22T06:56:55+0100
"2021/05/william-krause-622690-unsplash-1024x683.jpg",68616,2021-12-05T15:08:29+0100
"2021/05/IMG_5077_DxO_small-150x150.jpg",9715,2021-12-05T15:08:26+0100
"2021/05/Logo_navi_horizontal-1-768x179.png",25449,2021-12-05T15:08:09+0100
"2021/05/white_pant_low_lunch-150x150.jpg",3567,2021-12-05T15:08:13+0100
"2021/05/in_the_park_white-300x300.jpg",31697,2021-12-05T15:08:28+0100
"2021/05/Logo_navi_compact.png",26692,2021-12-05T15:08:09+0100
"2021/05/IMG_5453_DxO_small-16x12.jpg",6850,2021-12-05T15:08:26+0100
"2021/05/architecture-bay-bay-bridge-1006965-768x512.jpg",59949,2021-12-05T15:08:30+0100
"2021/05/teaching_smiling_on_mat-150x150.jpg",5367,2021-12-05T15:08:11+0100
"2021/05/cropped-Logo_21-05-09.png",13992,2021-12-05T15:08:06+0100
"2021/05/IMG_5043_DxO_small-16x12.jpg",6899,2021-12-05T15:08:13+0100
"2021/05/IMG_6687_DxO_small-600x400.jpg",27312,2025-11-22T06:57:08+0100
"2021/05/IMG_6687_DxO_small-100x100.jpg",7638,2025-11-22T06:57:08+0100
"2021/05/architecture-bay-bay-bridge-1006965-150x150.jpg",8379,2021-12-05T15:08:30+0100
"2021/05/IMG_6605_DxO_small-768x511.jpg",48490,2021-12-05T15:08:28+0100
"2021/05/IMG_5092_DxO-2048x1384.jpg",223976,2021-12-05T15:08:24+0100
"2021/05/IMG_5777.jpg",325923,2021-12-05T15:08:25+0100
"2021/05/Logo_navi_b-4-1536x298.png",45427,2021-12-05T15:08:08+0100
"2021/05/background-Fallback-404.2-188x300.jpg",5420,2021-12-05T15:08:06+0100
"2021/05/white_overlay_testimonny-100x100.png",5590,2025-11-22T06:57:52+0100
"2021/05/IMG_5043_DxO_small-e1638380989973-18x12.jpg",6933,2021-12-05T15:08:32+0100
"2021/05/IMG_6082.jpg",387898,2021-12-05T15:08:27+0100
"2021/05/placeholder-150x150.png",1207,2021-12-05T15:08:26+0100
"2021/05/Logo_navi_b-4.png",233436,2021-12-05T15:08:08+0100
"2021/05/placeholder-768x512.png",5342,2021-12-05T15:08:26+0100
"2021/05/white_pant_low_lunch-100x100.jpg",2100,2025-11-22T06:58:20+0100
"2021/05/IMG_6492.jpg",227535,2021-12-05T15:08:26+0100
"2021/05/IMG_5077_DxO_small-100x100.jpg",8347,2025-11-22T06:56:51+0100
"2021/05/MG_9099.jpg",250952,2021-12-05T15:08:31+0100
"2021/05/how.jpg",134972,2021-12-05T15:08:07+0100
"2021/05/infinity_sign_with_jenny-300x200.jpg",7619,2021-12-05T15:08:07+0100
"2021/05/IMG_5092_DxO-scaled-100x100.jpg",8602,2025-11-22T06:57:03+0100
"2021/05/Logo_navi_b-4-e1620582309215.png",29540,2021-12-05T15:08:09+0100
"2021/05/IMG_6492-16x12.jpg",23595,2021-12-05T15:08:26+0100
"2021/05/white_overlay_testimonny-300x196.png",40512,2021-12-05T15:08:13+0100
"2021/05/IMG_6605_DxO_small-150x150.jpg",11234,2021-12-05T15:08:28+0100
"2021/05/split_with_estelle-150x150.jpg",4521,2021-12-05T15:08:11+0100
"2021/05/IMG_6687_DxO_small.jpg",28205,2021-12-05T15:08:13+0100
"2021/05/IMG_5167_DxO_small-16x12.jpg",6852,2021-12-05T15:08:13+0100
"2021/05/another_relaxed_mood-1-300x200.jpg",11076,2021-12-05T15:08:06+0100
"2021/05/shoulder_stretch-1024x683.jpg",54562,2021-12-05T15:08:10+0100
"2021/05/split_with_estelle-768x512.jpg",36866,2021-12-05T15:08:11+0100
"2021/05/how-600x400.jpg",24747,2025-11-22T06:58:10+0100
"2021/05/Logo_21-05-09-768x768.png",56545,2021-12-05T15:08:08+0100
"2021/05/william-krause-622690-unsplash-100x100.jpg",3781,2025-11-22T06:56:32+0100
"2021/05/IMG_5102_DxO_small.jpg",53619,2021-12-05T15:08:26+0100
"2021/05/IMG_5102_DxO_small-150x150.jpg",9754,2021-12-05T15:08:26+0100
"2021/05/william-krause-622690-unsplash-600x400.jpg",31485,2025-11-22T06:56:33+0100
"2021/05/IMG_6131-1024x682.jpg",85335,2021-12-05T15:08:24+0100
"2021/05/how-100x100.jpg",2954,2025-11-22T06:58:10+0100
"2021/05/shoulder_stretch.jpg",108619,2021-12-05T15:08:10+0100
"2021/05/moode-100x100.jpg",3170,2025-11-22T06:58:05+0100
"2021/05/IMG_5043_DxO_small-150x150.jpg",10310,2021-12-05T15:08:13+0100
"2021/05/teachng_worrior_with_jenny-300x200.jpg",9615,2021-12-05T15:08:11+0100
"2021/05/hmmmmmm_smiling_sit_pose-768x512.jpg",46459,2021-12-05T15:08:07+0100
"2021/05/Logo_navi_horizontal-300x70.png",8414,2021-12-05T15:08:09+0100
"2021/05/walkin_in_to_class_and_smiling-e1638372897243-1024x575.jpg",56718,2021-12-05T15:08:31+0100
"2021/05/moode-600x400.jpg",29601,2025-11-22T06:58:05+0100
"2021/05/hmmmmmm_smiling_sit_pose-150x150.jpg",5545,2021-12-05T15:08:07+0100
"2021/05/smile_hand_up_with_mat-600x400.jpg",24747,2025-11-22T06:57:58+0100
"2021/05/IMG_5043_DxO_small-e1638380989973.jpg",61607,2021-12-05T15:08:32+0100
"2021/05/in_the_park_white-e1638373306837-150x150.jpg",8721,2021-12-05T15:08:31+0100
"2021/05/IMG_5416_DxO_small-300x200.jpg",13346,2021-12-05T15:08:27+0100
"2021/05/smile_hand_up_with_mat-100x100.jpg",2954,2025-11-22T06:57:58+0100
"2021/05/lamicke_split.jpg",93225,2021-12-05T15:08:07+0100
"2021/05/bg_color_pallete-150x150.jpg",4403,2021-12-05T15:08:06+0100
"2021/05/IMG_5092_DxO-1536x1038.jpg",126482,2021-12-05T15:08:23+0100
"2021/05/IMG_5686_DxO_small-100x100.jpg",9402,2025-11-22T06:57:05+0100
"2021/05/teachng_worrior_with_jenny-450x450.jpg",29873,2025-11-22T06:58:25+0100
"2021/05/another_relaxed_mood-100x100.jpg",3173,2025-11-22T06:58:28+0100
"2021/05/william-krause-622690-unsplash-1568x1045.jpg",130463,2021-12-05T15:08:29+0100
"2021/05/IMG_5092_DxO-150x150.jpg",10103,2021-12-05T15:08:23+0100
"2021/05/IMG_5777-150x150.jpg",30895,2021-12-05T15:08:25+0100
"2021/05/another_relaxed_mood-600x400.jpg",29937,2025-11-22T06:58:28+0100
"2021/05/IMG_5092_DxO-scaled-600x405.jpg",26335,2025-11-22T06:57:03+0100
"2021/05/walkin_in_to_class_and_smiling-768x512.jpg",33528,2021-12-05T15:08:12+0100
"2021/05/IMG_5077_DxO_small-600x413.jpg",24336,2025-11-22T06:56:51+0100
"2021/05/IMG_5416_DxO_small-450x450.jpg",26005,2025-11-22T06:56:44+0100
"2021/05/IMG_5777-768x512.jpg",65888,2021-12-05T15:08:25+0100
"2021/05/IMG_5292_DxO_small-100x100.jpg",9053,2025-11-22T06:56:36+0100
"2021/05/walkin_in_to_class_and_smiling-150x150.jpg",4243,2021-12-05T15:08:12+0100
"2021/05/teaching_smiling_on_mat-768x500.jpg",43669,2021-12-05T15:08:11+0100
"2021/05/IMG_5292_DxO_small-600x400.jpg",31943,2025-11-22T06:56:36+0100
"2021/05/Logo_navi_compact-100x100.png",3280,2025-11-22T06:57:36+0100
"2021/05/another_relaxed_mood-1-450x450.jpg",27109,2025-11-22T06:58:16+0100
"2021/05/another_relaxed_mood.jpg",114767,2021-12-05T15:08:06+0100
"2021/05/Logo_navi_b-4-300x58.png",7093,2021-12-05T15:08:08+0100
"2021/05/infinity_sign_with_jenny-1024x683.jpg",62279,2021-12-05T15:08:07+0100
"2021/05/infinity_sign_with_jenny-450x450.jpg",21905,2025-11-22T06:58:08+0100
"2021/05/IMG_5167_DxO_small-600x396.jpg",23630,2025-11-22T06:57:10+0100
"2021/05/smile_hand_up_with_mat-1-1024x683.jpg",62200,2021-12-05T15:08:10+0100
"2021/05/IMG_6082-1536x1024.jpg",173755,2021-12-05T15:08:28+0100
"2021/05/IMG_5686_DxO_small.jpg",74241,2021-12-05T15:08:14+0100
"2021/05/another_relaxed_mood-1.jpg",114767,2021-12-05T15:08:06+0100
"2021/05/architecture-bay-bay-bridge-1006965-16x12.jpg",3548,2021-12-05T15:08:31+0100
"2021/05/IMG_6605_DxO_small-16x12.jpg",6884,2021-12-05T15:08:28+0100
"2021/05/IMG_5062_DxO_small-768x520.jpg",33306,2021-12-05T15:08:26+0100
"2021/05/Logo_thin.svg",5454,2021-12-05T15:08:09+0100
"2021/05/white_pant_low_lunch-600x410.jpg",20471,2025-11-22T06:58:20+0100
"2021/05/IMG_6131.jpg",324350,2021-12-05T15:08:24+0100
"2021/05/Logo_navi_compact-2-100x100.png",2916,2025-11-22T06:57:32+0100
"2021/05/Logo-3.svg",5448,2021-12-05T15:08:09+0100
"2021/05/smile_hand_up_with_mat-1-600x400.jpg",24747,2025-11-22T06:58:00+0100
"2021/05/IMG_5167_DxO_small-450x450.jpg",22815,2025-11-22T06:57:10+0100
"2021/05/smile_hand_up_with_mat-1-100x100.jpg",2954,2025-11-22T06:58:00+0100
"2021/05/in_the_park_white-12x12.jpg",505,2021-12-05T15:08:29+0100
"2021/05/how-1024x683.jpg",62200,2021-12-05T15:08:07+0100
"2021/05/Logo_navi_compact-1-450x200.png",6515,2025-11-22T06:57:24+0100
"2021/05/walkin_in_to_class_and_smiling-e1638372897243-768x431.jpg",33971,2021-12-05T15:08:31+0100
"2021/05/Logo_navi_compact-2-2048x631.png",99358,2021-12-05T15:08:09+0100
"2021/05/IMG_6082-16x12.jpg",27379,2021-12-05T15:08:28+0100
"2021/05/Logo_21-05-09-450x450.jpg",20074,2025-11-22T06:57:45+0100
"2021/05/MG_9099-768x512.jpg",70775,2021-12-05T15:08:31+0100
"2021/05/Logo_21-05-09-450x450.png",4556,2025-11-22T06:57:48+0100
"2021/05/IMG_6131-768x512.jpg",64520,2021-12-05T15:08:24+0100
"2021/05/IMG_6131-1536x1024.jpg",137698,2021-12-05T15:08:24+0100
"2021/05/Logo_navi_compact-1-150x150.png",6208,2021-12-05T15:08:09+0100
"2021/05/IMG_5777-1536x1024.jpg",145049,2021-12-05T15:08:25+0100
"2021/05/IMG_5167_DxO_small-300x198.jpg",12744,2021-12-05T15:08:13+0100
"2021/05/lamicke_split-600x400.jpg",22464,2025-11-22T06:58:07+0100
"2021/05/IMG_5453_DxO_small-100x100.jpg",8453,2025-11-22T06:56:47+0100
"2021/05/IMG_6131-150x150.jpg",30944,2021-12-05T15:08:24+0100
"2021/05/in_the_park_white-768x768.jpg",192624,2021-12-05T15:08:29+0100
"2021/05/walkin_in_to_class_and_smiling-e1638372897243-450x450.jpg",32060,2025-11-22T06:58:22+0100
"2021/05/in_the_park_white-e1638373306837-9x12.jpg",489,2021-12-05T15:08:32+0100
"2021/05/lamicke_split-100x100.jpg",2576,2025-11-22T06:58:07+0100
"2021/05/IMG_5453_DxO_small-600x400.jpg",23735,2025-11-22T06:56:47+0100
"2021/05/MG_9099-150x150.jpg",7916,2021-12-05T15:08:31+0100
"2021/11/Anyi-150x150.png",29159,2021-12-05T15:08:57+0100
"2021/11/Visual_web-1024x510.png",153825,2021-12-05T15:09:02+0100
"2021/11/My-Post-169x300.png",18222,2021-12-05T15:08:32+0100
"2021/11/IMG_6454-768x512.jpg",68536,2021-12-05T15:08:49+0100
"2021/11/IMG_5869-300x200.jpg",39151,2021-12-05T15:08:52+0100
"2021/11/Visual_web_tinified-150x150.png",12113,2021-12-05T15:08:58+0100
"2021/11/Visual_210515-450x450.png",353552,2025-11-22T06:55:48+0100
"2021/11/Visual_web-150x150.png",12415,2021-12-05T15:09:02+0100
"2021/11/Anyi.png",72708,2021-12-05T15:08:32+0100
"2021/11/IMG_6454-150x150.jpg",29229,2021-12-05T15:08:49+0100
"2021/11/IMG_5416_DxO_LoRes_adobespark-e1638210781683-300x245.png",35547,2021-12-05T15:08:37+0100
"2021/11/IMG_5316-100x100.jpg",31760,2025-11-22T06:55:38+0100
"2021/11/IMG_6143-1024x682.jpg",120197,2021-12-05T15:08:53+0100
"2021/11/IMG_5416_DxO_small_adobespark-1-e1638190237287-300x254.png",36996,2021-12-05T15:08:34+0100
"2021/11/Visual_web_tinified-1024x510.png",146442,2021-12-05T15:08:58+0100
"2021/11/image0.jpeg",335635,2021-12-05T15:08:40+0100
"2021/11/IMG_5316-600x400.jpg",57604,2025-11-22T06:55:38+0100
"2021/11/Workshops-1536x1024.jpg",163849,2021-12-05T15:08:49+0100
"2021/11/20200724_134929-225x300.jpg",12349,2021-12-05T15:08:43+0100
"2021/11/Restorative.jpg",435348,2021-12-05T15:08:47+0100
"2021/11/jeremy-bishop-104868-unsplash-1024x683.jpg",79280,2021-12-05T15:08:39+0100
"2021/11/zhang-kaiyv-411983-unsplash-1568x1045.jpg",252453,2021-12-05T15:08:41+0100
"2021/11/pattern1-450x450.jpg",27935,2025-11-22T06:56:14+0100
"2021/11/pattern1-1024x982.jpg",63033,2021-12-05T15:08:34+0100
"2021/11/IMG_5416_DxO_LoRes_adobespark-e1638210781683-150x150.png",15102,2021-12-05T15:08:37+0100
"2021/11/zhang-kaiyv-411983-unsplash-1024x683.jpg",124416,2021-12-05T15:08:40+0100
"2021/11/Visual_web.png",2282512,2021-12-05T15:09:01+0100
"2021/11/Visual_web-18x9.png",438,2021-12-05T15:09:02+0100
"2021/11/20200724_134929-1568x2091.jpg",342587,2021-12-05T15:08:44+0100
"2021/11/My-Post-150x150.png",10766,2021-12-05T15:08:32+0100
"2021/11/Silviaaa-300x289.png",93741,2021-12-05T15:08:57+0100
"2021/11/image0-600x1067.jpeg",121240,2025-11-22T06:56:06+0100
"2021/11/Workshops.jpg",412670,2021-12-05T15:08:48+0100
"2021/11/Restorative-450x450.jpg",66691,2025-11-22T06:55:46+0100
"2021/11/Team-Work-1024x682.jpg",106023,2021-12-05T15:08:56+0100
"2021/11/IMG_5252-1024x678.jpg",76707,2021-12-05T15:08:45+0100
"2021/11/aanyou.png",124983,2021-12-05T15:08:58+0100
"2021/11/Yin-yoga-1024x678.jpg",69038,2021-12-05T15:08:46+0100
"2021/11/Restorative-300x200.jpg",43894,2021-12-05T15:08:47+0100
"2021/11/Yin-yoga-100x100.jpg",24413,2025-11-22T06:55:50+0100
"2021/11/Workshops-768x512.jpg",68320,2021-12-05T15:08:48+0100
"2021/11/Visual_web-600x299.png",170982,2025-11-22T06:55:15+0100
"2021/11/Visual_web_tinified-600x299.png",21262,2025-11-22T06:55:18+0100
"2021/11/Plank-768x512.jpg",70346,2021-12-05T15:08:55+0100
"2021/11/IMG_5416_DxO_LoRes_adobespark-1536x1024.png",399810,2021-12-05T15:08:36+0100
"2021/11/IMG_5416_DxO_small_adobespark-1-e1638021658223.png",175019,2021-12-05T15:08:34+0100
"2021/11/Plank-150x150.jpg",33215,2021-12-05T15:08:55+0100
"2021/11/IMG_6149-100x100.jpg",31669,2025-11-22T06:55:29+0100
"2021/11/Office-Yoga.png",634313,2021-12-05T15:08:44+0100
"2021/11/IMG_6149-600x400.jpg",56894,2025-11-22T06:55:30+0100
"2021/11/Workshops-150x150.jpg",33375,2021-12-05T15:08:48+0100
"2021/11/IMG_5416_DxO_small_adobespark-1-e1638190237287-150x150.png",14859,2021-12-05T15:08:34+0100
"2021/11/IMG_5416_DxO_LoRes_adobespark-18x12.png",371,2021-12-05T15:08:36+0100
"2021/11/IMG_5416_DxO_LoRes_adobespark-e1638210781683-600x489.png",45154,2025-11-22T06:56:22+0100
"2021/11/louis-magnotti-27204-unsplash-600x400.jpg",41683,2025-11-22T06:56:12+0100
"2021/11/louis-magnotti-27204-unsplash-100x100.jpg",16215,2025-11-22T06:56:12+0100
"2021/11/Restorative-1024x682.jpg",125814,2021-12-05T15:08:47+0100
"2021/11/Team-Work.jpg",507277,2021-12-05T15:08:56+0100
"2021/11/20200724_134929-9x12.jpg",1032,2021-12-05T15:08:43+0100
"2021/11/Yin-yoga-600x398.jpg",41468,2025-11-22T06:55:50+0100
"2021/11/Office-Yoga-273x300.png",107535,2021-12-05T15:08:44+0100
"2021/11/Restorative-1536x1024.jpg",208570,2021-12-05T15:08:47+0100
"2021/11/IMG_5252-768x509.jpg",56723,2021-12-05T15:08:45+0100
"2021/11/IMG_6474-18x12.jpg",27565,2021-12-05T15:08:50+0100
"2021/11/IMG_6474.jpg",324491,2021-12-05T15:08:50+0100
"2021/11/Office-Yoga-450x450.png",131364,2025-11-22T06:55:55+0100
"2021/11/IMG_6149-1568x1045.jpg",163173,2021-12-05T15:08:54+0100
"2021/11/IMG_6143-1536x1024.jpg",204826,2021-12-05T15:08:53+0100
"2021/11/Yin-yoga-1536x1018.jpg",123052,2021-12-05T15:08:46+0100
"2021/11/IMG_5416_DxO_small_adobespark-1-18x12.png",367,2021-12-05T15:08:34+0100
"2021/11/IMG_5869-1024x682.jpg",84791,2021-12-05T15:08:52+0100
"2021/11/placeholder-1024x683.png",7582,2021-12-05T15:08:32+0100
"2021/11/louis-magnotti-27204-unsplash.jpg",246989,2021-12-05T15:08:38+0100
"2021/11/IMG_6143-150x150.jpg",34150,2021-12-05T15:08:53+0100
"2021/11/jeremy-bishop-104868-unsplash-150x150.jpg",15221,2021-12-05T15:08:39+0100
"2021/11/zhang-kaiyv-411983-unsplash-600x400.jpg",55061,2025-11-22T06:56:08+0100
"2021/11/jeremy-bishop-104868-unsplash-768x512.jpg",54672,2021-12-05T15:08:39+0100
"2021/11/jeremy-bishop-104868-unsplash-1568x1045.jpg",150525,2021-12-05T15:08:39+0100
"2021/11/IMG_6143-768x512.jpg",84859,2021-12-05T15:08:53+0100
"2021/11/IMG_5869-450x450.jpg",51798,2025-11-22T06:55:36+0100
"2021/11/louis-magnotti-27204-unsplash-1536x1024.jpg",127108,2021-12-05T15:08:38+0100
"2021/11/zhang-kaiyv-411983-unsplash-100x100.jpg",14277,2025-11-22T06:56:08+0100
"2021/11/jeremy-bishop-104868-unsplash-1536x1024.jpg",145428,2021-12-05T15:08:39+0100
"2021/11/placeholder-450x450.png",3172,2025-11-22T06:56:26+0100
"2021/11/image0-7x12.jpeg",2118,2021-12-05T15:08:41+0100
"2021/11/louis-magnotti-27204-unsplash-1568x1045.jpg",131211,2021-12-05T15:08:38+0100
"2021/11/Visual_web-2048x1020.png",518774,2021-12-05T15:09:02+0100
"2021/11/IMG_6143-600x400.jpg",65901,2025-11-22T06:55:33+0100
"2021/11/IMG_6143-1568x1045.jpg",211291,2021-12-05T15:08:53+0100
"2021/11/jeremy-bishop-104868-unsplash-100x100.jpg",12942,2025-11-22T06:56:10+0100
"2021/11/jeremy-bishop-104868-unsplash-600x400.jpg",40610,2025-11-22T06:56:10+0100
"2021/11/zhang-kaiyv-411983-unsplash-768x512.jpg",78997,2021-12-05T15:08:40+0100
"2021/11/IMG_5416_DxO_LoRes_adobespark-150x150.png",13060,2021-12-05T15:08:35+0100
"2021/11/IMG_6143-100x100.jpg",31129,2025-11-22T06:55:32+0100
"2021/11/zhang-kaiyv-411983-unsplash-150x150.jpg",16801,2021-12-05T15:08:40+0100
"2021/11/Celina-263x300.png",140367,2021-12-05T15:08:41+0100
"2021/11/IMG_5416_DxO_LoRes_adobespark-768x512.png",115573,2021-12-05T15:08:35+0100
"2021/11/louis-magnotti-27204-unsplash-1024x683.jpg",74922,2021-12-05T15:08:38+0100
"2021/11/IMG_6149-1536x1024.jpg",158386,2021-12-05T15:08:54+0100
"2021/11/IMG_6149-768x512.jpg",69916,2021-12-05T15:08:54+0100
"2021/11/Celina-450x450.png",157888,2025-11-22T06:56:02+0100
"2021/11/IMG_5416_DxO_LoRes_adobespark-1024x682.png",193431,2021-12-05T15:08:35+0100
"2021/11/IMG_5416_DxO_small_adobespark-1-e1638021658223-300x217.png",28372,2021-12-05T15:08:34+0100
"2021/11/IMG_6474-300x200.jpg",36264,2021-12-05T15:08:50+0100
"2021/11/Yin-yoga-150x150.jpg",25936,2021-12-05T15:08:46+0100
"2021/11/Restorative-1568x1045.jpg",214353,2021-12-05T15:08:48+0100
"2021/11/IMG_6149.jpg",359308,2021-12-05T15:08:54+0100
"2021/11/Plank-600x400.jpg",57098,2025-11-22T06:55:27+0100
"2021/11/IMG_5416_DxO_small_adobespark-1-e1638190237287-100x100.png",3513,2025-11-22T06:56:24+0100
"2021/11/Workshops-100x100.jpg",31113,2025-11-22T06:55:44+0100
"2021/11/Workshops-18x12.jpg",28372,2021-12-05T15:08:49+0100
"2021/11/IMG_5252.jpg",338746,2021-12-05T15:08:45+0100
"2021/11/IMG_6149-150x150.jpg",34051,2021-12-05T15:08:54+0100
"2021/11/IMG_5416_DxO_small_adobespark-1-e1638021658223-768x556.png",143824,2021-12-05T15:08:34+0100
"2021/11/Plank-100x100.jpg",30791,2025-11-22T06:55:27+0100
"2021/11/Workshops-600x400.jpg",55442,2025-11-22T06:55:44+0100
"2021/11/jeremy-bishop-104868-unsplash.jpg",277037,2021-12-05T15:08:39+0100
"2021/11/louis-magnotti-27204-unsplash-150x150.jpg",18212,2021-12-05T15:08:38+0100
"2021/11/Team-Work-450x450.jpg",60472,2025-11-22T06:55:25+0100
"2021/11/My-Post-864x1536.png",240587,2021-12-05T15:08:33+0100
"2021/11/20200724_134929-scaled-600x800.jpg",61983,2025-11-22T06:55:58+0100
"2021/11/IMG_6474-1024x682.jpg",86010,2021-12-05T15:08:50+0100
"2021/11/IMG_5316-18x12.jpg",28859,2021-12-05T15:08:51+0100
"2021/11/IMG_5252-300x199.jpg",33272,2021-12-05T15:08:45+0100
"2021/11/Visual_210515-14x12.png",610,2021-12-05T15:08:47+0100
"2021/11/20200724_134929-scaled-450x450.jpg",31136,2025-11-22T06:55:58+0100
"2021/11/image0-169x300.jpeg",15192,2021-12-05T15:08:41+0100
"2021/11/IMG_5252-450x450.jpg",45298,2025-11-22T06:55:52+0100
"2021/11/louis-magnotti-27204-unsplash-768x512.jpg",53729,2021-12-05T15:08:38+0100
"2021/11/IMG_5416_DxO_LoRes_adobespark-1568x1045.png",414611,2021-12-05T15:08:36+0100
"2021/11/2021-11-30_15-57-16-9x12.png",414,2021-12-05T15:08:33+0100
"2021/11/Team-Work-300x200.jpg",37750,2021-12-05T15:08:56+0100
"2021/11/20200724_134929-scaled.jpg",474786,2021-12-05T15:08:43+0100
"2021/11/IMG_5416_DxO_LoRes_adobespark-e1638210781683-100x100.png",3616,2025-11-22T06:56:21+0100
"2021/11/pattern1-300x288.jpg",20373,2021-12-05T15:08:33+0100
"2021/11/My-Post-100x100.png",3023,2025-11-22T06:56:18+0100
"2021/11/Yin-yoga-18x12.jpg",22742,2021-12-05T15:08:46+0100
"2021/11/IMG_6474-450x450.jpg",50240,2025-11-22T06:55:40+0100
"2021/11/pattern1-1568x1503.jpg",112702,2021-12-05T15:08:38+0100
"2021/11/IMG_5869-18x12.jpg",28940,2021-12-05T15:08:52+0100
"2021/11/image0-150x150.jpeg",8781,2021-12-05T15:08:41+0100
"2021/11/zhang-kaiyv-411983-unsplash-1536x1024.jpg",243971,2021-12-05T15:08:40+0100
"2021/11/Silviaaa-450x450.png",118252,2025-11-22T06:55:23+0100
"2021/11/Workshops-1568x1045.jpg",169169,2021-12-05T15:08:49+0100
"2021/11/Anyi-100x100.png",9583,2025-11-22T06:55:21+0100
"2021/11/IMG_5416_DxO_small_adobespark-1-e1638190237287-14x12.png",386,2021-12-05T15:08:34+0100
"2021/11/IMG_6149-1024x682.jpg",95057,2021-12-05T15:08:54+0100
"2021/11/Visual_web_tinified-1568x781.png",310568,2021-12-05T15:08:59+0100
"2021/11/Restorative-18x12.jpg",28474,2021-12-05T15:08:48+0100
"2021/11/pattern1-768x736.jpg",45003,2021-12-05T15:08:37+0100
"2021/11/IMG_6454-100x100.jpg",26951,2025-11-22T06:55:42+0100
"2021/11/20200724_134929.jpg",290212,2021-12-05T15:08:42+0100
"2021/11/IMG_5416_DxO_small_adobespark-1-300x200.png",21807,2021-12-05T15:08:34+0100
"2021/11/Visual_web-100x100.png",18194,2025-11-22T06:55:14+0100
"2021/11/Anyi-13x12.png",711,2021-12-05T15:08:57+0100
"2021/11/Visual_web_tinified-100x100.png",3188,2025-11-22T06:55:17+0100
"2021/11/Visual_210515.png",433495,2021-12-05T15:08:47+0100
"2021/11/IMG_6454-600x400.jpg",53044,2025-11-22T06:55:42+0100
"2021/11/20200724_134929-768x1024.jpg",96547,2021-12-05T15:08:43+0100
"2021/11/IMG_6454-18x12.jpg",24221,2021-12-05T15:08:50+0100
"2021/11/placeholder-300x200.png",2092,2021-12-05T15:08:32+0100
"2021/11/IMG_5316-150x150.jpg",33951,2021-12-05T15:08:51+0100
"2021/11/Visual_web-1568x781.png",324613,2021-12-05T15:09:03+0100
"2021/11/IMG_5252-1568x1039.jpg",138562,2021-12-05T15:08:45+0100
"2021/11/IMG_5316-768x512.jpg",70675,2021-12-05T15:08:51+0100
"2021/11/pattern1-1536x1472.jpg",109034,2021-12-05T15:08:38+0100
"2021/11/IMG_6454-1024x682.jpg",99201,2021-12-05T15:08:49+0100
"2021/11/placeholder.png",6146,2021-12-05T15:08:32+0100
"2021/11/Silviaaa-12x12.png",647,2021-12-05T15:08:57+0100
"2021/11/IMG_6143.jpg",450431,2021-12-05T15:08:53+0100
"2021/11/IMG_6143-18x12.jpg",27436,2021-12-05T15:08:53+0100
"2021/11/Office-Yoga-600x660.png",239483,2025-11-22T06:55:56+0100
"2021/11/Team-Work-1536x1024.jpg",194402,2021-12-05T15:08:56+0100
"2021/11/IMG_5416_DxO_LoRes_adobespark.png",790948,2021-12-05T15:08:35+0100
"2021/11/IMG_5416_DxO_LoRes_adobespark-e1638210781683-15x12.png",406,2021-12-05T15:08:37+0100
"2021/11/aanyou-300x269.png",82832,2021-12-05T15:08:58+0100
"2021/11/Visual_web_tinified.png",169389,2021-12-05T15:08:58+0100
"2021/11/IMG_6143-300x200.jpg",40482,2021-12-05T15:08:53+0100
"2021/11/2021-11-30_15-57-16-150x150.png",20168,2021-12-05T15:08:33+0100
"2021/11/jeremy-bishop-104868-unsplash-300x200.jpg",21045,2021-12-05T15:08:39+0100
"2021/11/Visual_210515-150x150.png",18685,2021-12-05T15:08:47+0100
"2021/11/Visual_web-450x450.png",237523,2025-11-22T06:55:14+0100
"2021/11/IMG_6454-450x450.jpg",53207,2025-11-22T06:55:42+0100
"2021/11/Visual_web_tinified-450x450.png",31022,2025-11-22T06:55:17+0100
"2021/11/IMG_6474-600x400.jpg",51998,2025-11-22T06:55:40+0100
"2021/11/Restorative-150x150.jpg",35595,2021-12-05T15:08:47+0100
"2021/11/IMG_6474-100x100.jpg",29780,2025-11-22T06:55:40+0100
"2021/11/My-Post-450x450.png",31966,2025-11-22T06:56:18+0100
"2021/11/Silviaaa.png",222146,2021-12-05T15:08:57+0100
"2021/11/IMG_5416_DxO_LoRes_adobespark-e1638210781683-768x626.png",190093,2021-12-05T15:08:37+0100
"2021/11/Visual_web_tinified-768x382.png",88633,2021-12-05T15:08:58+0100
"2021/11/Plank-300x200.jpg",38039,2021-12-05T15:08:55+0100
"2021/11/Workshops-300x200.jpg",37731,2021-12-05T15:08:48+0100
"2021/11/Silviaaa-100x100.png",8941,2025-11-22T06:55:23+0100
"2021/11/Restorative-768x512.jpg",91384,2021-12-05T15:08:47+0100
"2021/11/Workshops-1024x682.jpg",93620,2021-12-05T15:08:48+0100
"2021/11/Visual_web-768x382.png",92963,2021-12-05T15:09:02+0100
"2021/11/pattern1-150x150.jpg",15468,2021-12-05T15:08:37+0100
"2021/11/My-Post-600x1067.png",67312,2025-11-22T06:56:19+0100
"2021/11/Team-Work-18x12.jpg",28285,2021-12-05T15:08:56+0100
"2021/11/IMG_5416_DxO_LoRes_adobespark-e1638210781683-450x450.png",39596,2025-11-22T06:56:21+0100
"2021/11/IMG_5252-1536x1018.jpg",134874,2021-12-05T15:08:45+0100
"2021/11/Visual_web_tinified-300x149.png",18386,2021-12-05T15:08:58+0100
"2021/11/IMG_5869.jpg",270197,2021-12-05T15:08:52+0100
"2021/11/Team-Work-100x100.jpg",31210,2025-11-22T06:55:25+0100
"2021/11/Visual_210515-300x254.png",46119,2021-12-05T15:08:47+0100
"2021/11/Visual_web-300x149.png",19167,2021-12-05T15:09:01+0100
"2021/11/IMG_5316.jpg",350342,2021-12-05T15:08:51+0100
"2021/11/Team-Work-600x400.jpg",57625,2025-11-22T06:55:25+0100
"2021/11/IMG_5252-100x100.jpg",28286,2025-11-22T06:55:52+0100
"2021/11/20200724_134929-scaled-100x100.jpg",3520,2025-11-22T06:55:58+0100
"2021/11/Business-Yoga.pdf",570338,2021-12-05T15:08:42+0100
"2021/11/placeholder-18x12.png",278,2021-12-05T15:08:32+0100
"2021/11/Celina-100x100.png",10610,2025-11-22T06:56:02+0100
"2021/11/aanyou-150x150.png",30592,2021-12-05T15:08:58+0100
"2021/11/IMG_5252-600x398.jpg",46449,2025-11-22T06:55:53+0100
"2021/11/2021-11-30_15-57-16.png",79090,2021-12-05T15:08:33+0100
"2021/11/jeremy-bishop-104868-unsplash-18x12.jpg",10547,2021-12-05T15:08:39+0100
"2021/11/IMG_5869-1536x1024.jpg",130005,2021-12-05T15:08:52+0100
"2021/11/Workshops-450x450.jpg",55447,2025-11-22T06:55:44+0100
"2021/11/IMG_5416_DxO_small_adobespark-1-e1638190237287-450x450.png",39251,2025-11-22T06:56:24+0100
"2021/11/image0-450x450.jpeg",46025,2025-11-22T06:56:05+0100
"2021/11/Plank-450x450.jpg",55949,2025-11-22T06:55:27+0100
"2021/11/IMG_5316-1536x1024.jpg",155257,2021-12-05T15:08:51+0100
"2021/11/jeremy-bishop-104868-unsplash-450x450.jpg",36934,2025-11-22T06:56:10+0100
"2021/11/Visual_web_tinified-2048x1020.png",495518,2021-12-05T15:08:59+0100
"2021/11/IMG_6143-450x450.jpg",64846,2025-11-22T06:55:32+0100
"2021/11/IMG_5869-768x512.jpg",66070,2021-12-05T15:08:52+0100
"2021/11/Yin-yoga-768x509.jpg",50827,2021-12-05T15:08:46+0100
"2021/11/Plank-1536x1024.jpg",150887,2021-12-05T15:08:55+0100
"2021/11/IMG_5869-150x150.jpg",33857,2021-12-05T15:08:52+0100
"2021/11/IMG_6474-1536x1024.jpg",141090,2021-12-05T15:08:50+0100
"2021/11/IMG_6454-300x200.jpg",33725,2021-12-05T15:08:49+0100
"2021/11/pattern1.jpg",260842,2021-12-05T15:08:33+0100
"2021/11/placeholder-100x100.png",701,2025-11-22T06:56:26+0100
"2021/11/Office-Yoga-150x150.png",35399,2021-12-05T15:08:45+0100
"2021/11/My-Post.png",456137,2021-12-05T15:08:32+0100
"2021/11/placeholder-600x400.png",3550,2025-11-22T06:56:26+0100
"2021/11/IMG_5416_DxO_small_adobespark-1-e1638190237287.png",173589,2021-12-05T15:08:34+0100
"2021/11/IMG_6454-1568x1045.jpg",193965,2021-12-05T15:08:50+0100
"2021/11/Visual_web_tinified-18x9.png",441,2021-12-05T15:08:59+0100
"2021/11/IMG_6454-1536x1024.jpg",187261,2021-12-05T15:08:50+0100
"2021/11/IMG_5416_DxO_small_adobespark-1-e1638190237287-600x509.png",48514,2025-11-22T06:56:24+0100
"2021/11/Visual_web-1536x765.png",313437,2021-12-05T15:09:02+0100
"2021/11/IMG_5869-600x400.jpg",55358,2025-11-22T06:55:36+0100
"2021/11/IMG_5416_DxO_small_adobespark-1-150x150.png",13137,2021-12-05T15:08:34+0100
"2021/11/zhang-kaiyv-411983-unsplash-450x450.jpg",48715,2025-11-22T06:56:08+0100
"2021/11/IMG_5869-100x100.jpg",31743,2025-11-22T06:55:36+0100
"2021/11/Visual_web_tinified-1536x765.png",298835,2021-12-05T15:08:58+0100
"2021/11/Plank-1568x1045.jpg",155369,2021-12-05T15:08:55+0100
"2021/11/IMG_5316-300x200.jpg",39384,2021-12-05T15:08:51+0100
"2021/11/IMG_6474-1568x1045.jpg",145679,2021-12-05T15:08:51+0100
"2021/11/Office-Yoga-100x100.png",9771,2025-11-22T06:55:55+0100
"2021/11/placeholder-150x150.png",1264,2021-12-05T15:08:32+0100
"2021/11/Celina-11x12.png",614,2021-12-05T15:08:42+0100
"2021/11/placeholder-768x512.png",5437,2021-12-05T15:08:32+0100
"2021/11/2021-11-30_15-57-16-233x300.png",47559,2021-12-05T15:08:33+0100
"2021/11/Office-Yoga-11x12.png",611,2021-12-05T15:08:45+0100
"2021/11/louis-magnotti-27204-unsplash-450x450.jpg",37312,2025-11-22T06:56:12+0100
"2021/11/IMG_5316-1568x1045.jpg",159652,2021-12-05T15:08:52+0100
"2021/11/Team-Work-150x150.jpg",33706,2021-12-05T15:08:56+0100
"2021/11/IMG_5416_DxO_small_adobespark-1-768x511.png",111566,2021-12-05T15:08:34+0100
"2021/11/IMG_5316-1024x682.jpg",95036,2021-12-05T15:08:51+0100
"2021/11/20200724_134929-1536x2048.jpg",330035,2021-12-05T15:08:43+0100
"2021/11/Team-Work-768x512.jpg",73625,2021-12-05T15:08:56+0100
"2021/11/IMG_5252-18x12.jpg",26519,2021-12-05T15:08:45+0100
"2021/11/Yin-yoga-1568x1039.jpg",126726,2021-12-05T15:08:46+0100
"2021/11/IMG_5869-1568x1045.jpg",133399,2021-12-05T15:08:52+0100
"2021/11/IMG_5252-150x150.jpg",29725,2021-12-05T15:08:45+0100
"2021/11/IMG_5416_DxO_LoRes_adobespark-e1638210781683.png",650223,2021-12-05T15:08:37+0100
"2021/11/My-Post-7x12.png",238,2021-12-05T15:08:33+0100
"2021/11/Yin-yoga-450x450.jpg",40800,2025-11-22T06:55:50+0100
"2021/11/Yin-yoga-300x199.jpg",29175,2021-12-05T15:08:46+0100
"2021/11/Plank.jpg",342216,2021-12-05T15:08:55+0100
"2021/11/aanyou-100x100.png",9443,2025-11-22T06:55:19+0100
"2021/11/IMG_5416_DxO_small_adobespark-1.png",214370,2021-12-05T15:08:34+0100
"2021/11/aanyou-13x12.png",692,2021-12-05T15:08:58+0100
"2021/11/Celina-150x150.png",43583,2021-12-05T15:08:42+0100
"2021/11/IMG_6149-450x450.jpg",55717,2025-11-22T06:55:29+0100
"2021/11/IMG_6474-150x150.jpg",31707,2021-12-05T15:08:50+0100
"2021/11/pattern1-600x575.jpg",34982,2025-11-22T06:56:14+0100
"2021/11/Restorative-600x400.jpg",72151,2025-11-22T06:55:46+0100
"2021/11/Yin-yoga.jpg",327844,2021-12-05T15:08:46+0100
"2021/11/Restorative-100x100.jpg",32217,2025-11-22T06:55:46+0100
"2021/11/My-Post-768x1365.png",202077,2021-12-05T15:08:33+0100
"2021/11/Plank-18x12.jpg",28135,2021-12-05T15:08:55+0100
"2021/11/20200724_134929-150x150.jpg",5783,2021-12-05T15:08:43+0100
"2021/11/Silviaaa-150x150.png",32047,2021-12-05T15:08:57+0100
"2021/11/IMG_6474-768x512.jpg",64121,2021-12-05T15:08:50+0100
"2021/11/zhang-kaiyv-411983-unsplash-18x12.jpg",11569,2021-12-05T15:08:40+0100
"2021/11/image0-100x100.jpeg",5565,2025-11-22T06:56:05+0100
"2021/11/IMG_6149-300x200.jpg",38827,2021-12-05T15:08:54+0100
"2021/11/louis-magnotti-27204-unsplash-300x200.jpg",23806,2021-12-05T15:08:38+0100
"2021/11/IMG_5416_DxO_LoRes_adobespark-e1638210781683-1024x835.png",318233,2021-12-05T15:08:37+0100
"2021/11/pattern1-13x12.jpg",13544,2021-12-05T15:08:38+0100
"2021/11/pattern1-100x100.jpg",14420,2025-11-22T06:56:14+0100
"2021/11/zhang-kaiyv-411983-unsplash.jpg",471873,2021-12-05T15:08:40+0100
"2021/11/image0-768x1365.jpeg",180752,2021-12-05T15:08:41+0100
"2021/11/louis-magnotti-27204-unsplash-18x12.jpg",13822,2021-12-05T15:08:38+0100
"2021/11/IMG_5416_DxO_small_adobespark-1-e1638021658223-150x150.png",14756,2021-12-05T15:08:34+0100
"2021/11/IMG_5316-450x450.jpg",54650,2025-11-22T06:55:38+0100
"2021/11/Celina.png",481438,2021-12-05T15:08:41+0100
"2021/11/My-Post-576x1024.png",129738,2021-12-05T15:08:32+0100
"2021/11/2021-11-30_15-57-16-100x100.png",5157,2025-11-22T06:56:16+0100
"2021/11/image0-576x1024.jpeg",112474,2021-12-05T15:08:41+0100
"2021/11/IMG_6149-18x12.jpg",28894,2021-12-05T15:08:54+0100
"2021/11/IMG_5416_DxO_small_adobespark-1-e1638021658223-18x12.png",417,2021-12-05T15:08:34+0100
"2021/11/Team-Work-1568x1045.jpg",201207,2021-12-05T15:08:56+0100
"2021/11/IMG_5416_DxO_LoRes_adobespark-300x200.png",21840,2021-12-05T15:08:35+0100
"2021/11/20200724_134929-1152x1536.jpg",201089,2021-12-05T15:08:43+0100
"2021/11/zhang-kaiyv-411983-unsplash-300x200.jpg",24580,2021-12-05T15:08:40+0100
"2021/11/IMG_6454.jpg",495842,2021-12-05T15:08:49+0100
"2021/11/Plank-1024x682.jpg",93609,2021-12-05T15:08:55+0100
"2021/11/Visual_210515-100x100.png",29235,2025-11-22T06:55:48+0100
"2021/12/IMG_3540-rotated.jpg",161024,2021-12-05T15:09:08+0100
"2021/12/placeholder-4-1024x683.png",7510,2021-12-05T20:37:36+0100
"2021/12/placeholder-13-300x200.png",2008,2021-12-09T21:20:36+0100
"2021/12/placeholder-3-1024x683.png",7510,2021-12-05T20:37:35+0100
"2021/12/placeholder-3.png",6146,2021-12-05T20:37:35+0100
"2021/12/placeholder-11-100x100.png",701,2025-11-22T06:53:11+0100
"2021/12/jule-e1638361868923-1024x919.jpg",91110,2021-12-05T15:09:09+0100
"2021/12/placeholder-11-600x400.png",3550,2025-11-22T06:53:11+0100
"2021/12/placeholder-2-18x12.png",276,2021-12-05T20:37:35+0100
"2021/12/placeholder-12-150x150.png",1207,2021-12-09T20:47:23+0100
"2021/12/placeholder-2.png",6146,2021-12-05T20:37:35+0100
"2021/12/placeholder-9-100x100.png",701,2025-11-22T06:53:15+0100
"2021/12/placeholder-12-768x512.png",5345,2021-12-09T20:47:23+0100
"2021/12/placeholder-9-600x400.png",3550,2025-11-22T06:53:16+0100
"2021/12/Visual_web_turquoise_mobile-1024x850.png",612607,2021-12-05T15:09:05+0100
"2021/12/IMG_3540-rotated-e1638361837622-12x12.jpg",10215,2021-12-05T15:09:09+0100
"2021/12/in_the_park_white-format2-9x12.jpg",491,2021-12-05T15:09:10+0100
"2021/12/placeholder-3-150x150.png",1207,2021-12-05T20:37:35+0100
"2021/12/placeholder-13-18x12.png",276,2021-12-09T21:20:37+0100
"2021/12/placeholder-7-450x450.png",3172,2025-11-22T06:54:07+0100
"2021/12/placeholder-3-768x512.png",5345,2021-12-05T20:37:35+0100
"2021/12/Visual-bg_web-768x441.jpg",10507,2021-12-05T15:09:07+0100
"2021/12/placeholder-2-300x200.png",2008,2021-12-05T20:37:35+0100
"2021/12/placeholder-1.png",6146,2021-12-05T20:37:34+0100
"2021/12/IMG_5252_DxO-scaled.png",18838159,2025-11-22T06:53:53+0100
"2021/12/Visual_web_bg-turquois-1568x901.png",563417,2021-12-05T15:09:07+0100
"2021/12/placeholder-4-18x12.png",276,2021-12-05T20:37:36+0100
"2021/12/placeholder-2-450x450.png",3172,2025-11-22T06:54:36+0100
"2021/12/placeholder-6-768x512.png",5345,2021-12-05T20:37:57+0100
"2021/12/IMG_3540-rotated-e1638361837622-300x300.jpg",24107,2021-12-05T15:09:09+0100
"2021/12/atabs-10x12.png",564,2021-12-05T15:09:10+0100
"2021/12/placeholder-5.png",6146,2021-12-05T20:37:56+0100
"2021/12/Visual_web_turquoise_mobile-600x498.png",78340,2025-11-22T06:55:07+0100
"2021/12/Visual_web_bg-turquois_tinified-1536x765.png",565088,2021-12-05T15:09:04+0100
"2021/12/placeholder-6-150x150.png",1207,2021-12-05T20:37:57+0100
"2021/12/IMG_5034_DxO_small-150x150.jpg",10185,2021-12-09T20:27:14+0100
"2021/12/placeholder-5-100x100.png",701,2025-11-22T06:54:24+0100
"2021/12/placeholder-2-1024x683.png",7510,2021-12-05T20:37:35+0100
"2021/12/IMG_3540-150x150.jpg",14334,2021-12-05T15:09:09+0100
"2021/12/placeholder-5-600x400.png",3550,2025-11-22T06:54:24+0100
"2021/12/placeholder-5-1024x683.png",7510,2021-12-05T20:37:57+0100
"2021/12/IMG_5034_DxO_small.jpg",55991,2021-12-09T20:27:14+0100
"2021/12/placeholder-4.png",6146,2021-12-05T20:37:36+0100
"2021/12/placeholder-7-300x200.png",2008,2021-12-05T20:37:57+0100
"2021/12/Visual_web_turquoise_mobile-150x150.png",20806,2021-12-05T15:09:05+0100
"2021/12/IMG_5252_DxO-100x100.png",49465,2025-11-22T06:53:58+0100
"2021/12/placeholder-9-18x12.png",276,2021-12-09T20:47:21+0100
"2021/12/Visual_web_bg-turquois-150x150.png",12365,2021-12-05T15:09:06+0100
"2021/12/placeholder-6.png",6146,2021-12-05T20:37:57+0100
"2021/12/in_the_park_white-format2-e1638379396550-100x100.jpg",4196,2025-11-22T06:54:46+0100
"2021/12/placeholder-1024x683.png",7510,2021-12-05T20:34:07+0100
"2021/12/IMG_5252_DxO-300x197.png",49159,2021-12-09T20:29:34+0100
"2021/12/placeholder-13-450x450.png",3172,2025-11-22T06:53:05+0100
"2021/12/atabs-450x450.png",135056,2025-11-22T06:54:49+0100
"2021/12/Jo-12x12.png",641,2021-12-05T15:09:05+0100
"2021/12/placeholder-7.png",6146,2021-12-05T20:37:57+0100
"2021/12/jule.jpg",311900,2021-12-05T15:09:08+0100
"2021/12/IMG_5034_DxO_adobespark-150x150.png",8430,2021-12-09T20:36:56+0100
"2021/12/in_the_park_white-format2-e1638379396550-150x150.jpg",8330,2021-12-05T15:09:10+0100
"2021/12/Visual_web_bg-turquois-100x100.png",4840,2025-11-22T06:55:00+0100
"2021/12/placeholder-450x450.png",3172,2025-11-22T06:54:42+0100
"2021/12/Visual-bg_web-1536x882.jpg",23725,2021-12-05T15:09:07+0100
"2021/12/IMG_5252_DxO-768x504.png",319301,2021-12-09T20:29:42+0100
"2021/12/IMG_3540-9x12.jpg",10198,2021-12-05T15:09:09+0100
"2021/12/placeholder-10-450x450.png",3172,2025-11-22T06:53:13+0100
"2021/12/in_the_park_white-format2-768x1024.jpg",240022,2021-12-05T15:09:10+0100
"2021/12/Visual_web_bg-turquois-1024x588.png",212233,2021-12-05T15:09:06+0100
"2021/12/Visual_web_bg-turquois_tinified-450x450.png",55715,2025-11-22T06:55:11+0100
"2021/12/IMG_5034_DxO_adobespark-100x100.png",2357,2025-11-22T06:53:41+0100
"2021/12/placeholder-11-1024x683.png",7510,2021-12-09T20:47:22+0100
"2021/12/placeholder-3-18x12.png",276,2021-12-05T20:37:36+0100
"2021/12/placeholder-8-450x450.png",3172,2025-11-22T06:54:01+0100
"2021/12/IMG_3540-rotated-e1638361837622-450x450.jpg",37906,2025-11-22T06:54:51+0100
"2021/12/placeholder-4-300x200.png",2008,2021-12-05T20:37:36+0100
"2021/12/Visual_web_bg-turquois_tinified-768x382.png",121867,2021-12-05T15:09:03+0100
"2021/12/Visual_web_turquoise_mobile.png",191295,2021-12-05T15:09:05+0100
"2021/12/placeholder-8-1024x683.png",7510,2021-12-09T20:27:49+0100
"2021/12/jule-e1638361868923.jpg",143321,2021-12-05T15:09:09+0100
"2021/12/IMG_5034_DxO_small-100x100.jpg",8582,2025-11-22T06:54:03+0100
"2021/12/placeholder-6-100x100.png",701,2025-11-22T06:54:17+0100
"2021/12/placeholder-12-18x12.png",276,2021-12-09T20:47:23+0100
"2021/12/Visual-bg_web-600x345.jpg",8506,2025-11-22T06:54:56+0100
"2021/12/Visual-bg_web.jpg",125643,2021-12-05T15:09:07+0100
"2021/12/placeholder-6-600x400.png",3550,2025-11-22T06:54:18+0100
"2021/12/placeholder-5-150x150.png",1207,2021-12-05T20:37:57+0100
"2021/12/in_the_park_white-format2-e1638379396550-768x699.jpg",156270,2021-12-05T15:09:11+0100
"2021/12/placeholder-5-768x512.png",5345,2021-12-05T20:37:57+0100
"2021/12/IMG_5252_DxO-150x150.png",21222,2021-12-09T20:29:39+0100
"2021/12/placeholder-1-450x450.png",3172,2025-11-22T06:54:40+0100
"2021/12/IMG_3540.jpg",232473,2021-12-05T15:09:08+0100
"2021/12/Visual_web_turquoise_mobile-100x100.png",5091,2025-11-22T06:55:06+0100
"2021/12/placeholder-3-600x400.png",3550,2025-11-22T06:54:34+0100
"2021/12/IMG_3540-rotated-e1638361837622-768x768.jpg",78920,2021-12-05T15:09:09+0100
"2021/12/jule-150x150.jpg",3831,2021-12-05T15:09:08+0100
"2021/12/IMG_5034_DxO_small-18x12.jpg",6895,2021-12-09T20:27:14+0100
"2021/12/IMG_5034_DxO_adobespark-600x407.png",16793,2025-11-22T06:53:42+0100
"2021/12/placeholder-3-100x100.png",701,2025-11-22T06:54:34+0100
"2021/12/Visual_web_bg-turquois_tinified-300x149.png",23630,2021-12-05T15:09:03+0100
"2021/12/placeholder-5-18x12.png",276,2021-12-05T20:37:57+0100
"2021/12/placeholder-10-1024x683.png",7510,2021-12-09T20:47:22+0100
"2021/12/placeholder-1-300x200.png",2008,2021-12-05T20:37:34+0100
"2021/12/Visual-bg_web-18x10.jpg",5452,2021-12-05T15:09:07+0100
"2021/12/in_the_park_white-format2-225x300.jpg",24603,2021-12-05T15:09:10+0100
"2021/12/IMG_5034_DxO_adobespark-scaled.png",195687,2025-11-22T06:53:37+0100
"2021/12/IMG_3540-768x1024.jpg",95297,2021-12-05T15:09:09+0100
"2021/12/placeholder-4-450x450.png",3172,2025-11-22T06:54:27+0100
"2021/12/placeholder-11-768x512.png",5345,2021-12-09T20:47:22+0100
"2021/12/Visual-bg_web-450x450.jpg",8526,2025-11-22T06:54:55+0100
"2021/12/Visual-bg_web-300x172.jpg",6381,2021-12-05T15:09:07+0100
"2021/12/placeholder-8-300x200.png",2008,2021-12-09T20:27:48+0100
"2021/12/placeholder-8-18x12.png",276,2021-12-09T20:27:49+0100
"2021/12/placeholder-11-150x150.png",1207,2021-12-09T20:47:22+0100
"2021/12/IMG_5034_DxO_small-600x406.jpg",25362,2025-11-22T06:54:03+0100
"2021/12/placeholder-12-100x100.png",701,2025-11-22T06:53:09+0100
"2021/12/placeholder-9-768x512.png",5345,2021-12-09T20:47:21+0100
"2021/12/placeholder-9-1024x683.png",7510,2021-12-09T20:47:21+0100
"2021/12/placeholder-300x200.png",2008,2021-12-05T20:34:07+0100
"2021/12/placeholder-12-600x400.png",3550,2025-11-22T06:53:09+0100
"2021/12/jule-e1638361868923-450x450.jpg",27580,2025-11-22T06:54:53+0100
"2021/12/placeholder-10-300x200.png",2008,2021-12-09T20:47:21+0100
"2021/12/placeholder-9-150x150.png",1207,2021-12-09T20:47:21+0100
"2021/12/placeholder-12-450x450.png",3172,2025-11-22T06:53:08+0100
"2021/12/placeholder.png",6146,2021-12-05T20:34:07+0100
"2021/12/placeholder-12-1024x683.png",7510,2021-12-09T20:47:23+0100
"2021/12/jule-e1638361868923-100x100.jpg",2411,2025-11-22T06:54:53+0100
"2021/12/in_the_park_white-format2-150x150.jpg",8695,2021-12-05T15:09:10+0100
"2021/12/IMG_5034_DxO_small-300x203.jpg",13170,2021-12-09T20:27:14+0100
"2021/12/Visual-bg_web-100x100.jpg",5684,2025-11-22T06:54:55+0100
"2021/12/IMG_5034_DxO_adobespark-1024x694.png",95156,2021-12-09T20:36:55+0100
"2021/12/in_the_park_white-format2-e1638379396550-300x273.jpg",28280,2021-12-05T15:09:10+0100
"2021/12/placeholder-4-600x400.png",3550,2025-11-22T06:54:28+0100
"2021/12/placeholder-4-100x100.png",701,2025-11-22T06:54:27+0100
"2021/12/jule-1568x1129.jpg",115248,2021-12-05T15:09:08+0100
"2021/12/Jo-150x150.png",33977,2021-12-05T15:09:04+0100
"2021/12/placeholder-6-300x200.png",2008,2021-12-05T20:37:57+0100
"2021/12/jule-1536x1106.jpg",111581,2021-12-05T15:09:08+0100
"2021/12/placeholder-11-18x12.png",276,2021-12-09T20:47:22+0100
"2021/12/Visual_web_bg-turquois.png",201843,2021-12-05T15:09:06+0100
"2021/12/placeholder-7-768x512.png",5345,2021-12-05T20:37:58+0100
"2021/12/placeholder-3-450x450.png",3172,2025-11-22T06:54:33+0100
"2021/12/IMG_5252_DxO.png",69811385,2021-12-09T20:29:32+0100
"2021/12/Visual_web_bg-turquois-600x345.png",47180,2025-11-22T06:55:03+0100
"2021/12/placeholder-7-150x150.png",1207,2021-12-05T20:37:58+0100
"2021/12/Visual_web_bg-turquois_tinified-1568x781.png",585471,2021-12-05T15:09:04+0100
"2021/12/Visual_web_turquoise_mobile-768x637.png",333441,2021-12-05T15:09:06+0100
"2021/12/IMG_5034_DxO_adobespark-300x203.png",13714,2021-12-09T20:36:54+0100
"2021/12/placeholder-3-300x200.png",2008,2021-12-05T20:37:35+0100
"2021/12/placeholder-13.png",6146,2021-12-09T21:20:36+0100
"2021/12/placeholder-1-100x100.png",701,2025-11-22T06:54:40+0100
"2021/12/placeholder-1-600x400.png",3550,2025-11-22T06:54:41+0100
"2021/12/placeholder-18x12.png",276,2021-12-05T20:34:07+0100
"2021/12/Visual_web_turquoise_mobile-450x450.png",60440,2025-11-22T06:55:06+0100
"2021/12/IMG_3540-rotated-e1638361837622-600x600.jpg",54848,2025-11-22T06:54:51+0100
"2021/12/placeholder-6-18x12.png",276,2021-12-05T20:37:57+0100
"2021/12/IMG_3540-rotated-e1638361837622.jpg",103127,2021-12-05T15:09:09+0100
"2021/12/placeholder-13-1024x683.png",7510,2021-12-09T21:20:37+0100
"2021/12/placeholder-2-150x150.png",1207,2021-12-05T20:37:35+0100
"2021/12/placeholder-12.png",6146,2021-12-09T20:47:22+0100
"2021/12/placeholder-2-768x512.png",5345,2021-12-05T20:37:35+0100
"2021/12/placeholder-6-450x450.png",3172,2025-11-22T06:54:16+0100
"2021/12/IMG_5034_DxO_small-450x450.jpg",25282,2025-11-22T06:54:03+0100
"2021/12/placeholder-13-150x150.png",1207,2021-12-09T21:20:37+0100
"2021/12/atabs-150x150.png",29150,2021-12-05T15:09:10+0100
"2021/12/Visual_web_bg-turquois_tinified-100x100.png",4269,2025-11-22T06:55:11+0100
"2021/12/placeholder-10.png",6146,2021-12-09T20:47:21+0100
"2021/12/Visual_web_bg-turquois-1536x882.png",539508,2021-12-05T15:09:07+0100
"2021/12/IMG_5034_DxO_adobespark-450x450.png",19623,2025-11-22T06:53:39+0100
"2021/12/placeholder-8-600x400.png",3550,2025-11-22T06:54:01+0100
"2021/12/placeholder-13-768x512.png",5345,2021-12-09T21:20:37+0100
"2021/12/IMG_3540-rotated-e1638361837622-100x100.jpg",12403,2025-11-22T06:54:51+0100
"2021/12/placeholder-8-100x100.png",701,2025-11-22T06:54:01+0100
"2021/12/placeholder-100x100.png",701,2025-11-22T06:54:43+0100
"2021/12/IMG_5252_DxO-1024x672.png",555975,2021-12-09T20:29:39+0100
"2021/12/Visual_web_bg-turquois-300x172.png",23272,2021-12-05T15:09:06+0100
"2021/12/Visual_web_bg-turquois-450x450.png",47173,2025-11-22T06:55:00+0100
"2021/12/placeholder-12-300x200.png",2008,2021-12-09T20:47:23+0100
"2021/12/placeholder-600x400.png",3550,2025-11-22T06:54:43+0100
"2021/12/Visual-bg_web-1024x588.jpg",14246,2021-12-05T15:09:07+0100
"2021/12/placeholder-11.png",6146,2021-12-09T20:47:22+0100
"2021/12/placeholder-10-600x400.png",3550,2025-11-22T06:53:13+0100
"2021/12/Visual_web_bg-turquois_tinified.png",192848,2021-12-05T15:09:03+0100
"2021/12/Jo.png",65744,2021-12-05T15:09:04+0100
"2021/12/placeholder-10-100x100.png",701,2025-11-22T06:53:13+0100
"2021/12/placeholder-13-600x400.png",3550,2025-11-22T06:53:05+0100
"2021/12/Visual_web_bg-turquois_tinified-150x150.png",14756,2021-12-05T15:09:03+0100
"2021/12/IMG_3540-225x300.jpg",20653,2021-12-05T15:09:09+0100
"2021/12/placeholder-8-768x512.png",5345,2021-12-09T20:27:49+0100
"2021/12/atabs-100x100.png",9667,2025-11-22T06:54:49+0100
"2021/12/Visual_web_turquoise_mobile-300x249.png",52220,2021-12-05T15:09:05+0100
"2021/12/placeholder-13-100x100.png",701,2025-11-22T06:53:05+0100
"2021/12/IMG_5034_DxO_adobespark.png",1832169,2021-12-09T20:36:53+0100
"2021/12/placeholder-8-150x150.png",1207,2021-12-09T20:27:49+0100
"2021/12/IMG_3540-rotated-e1638361837622-150x150.jpg",14534,2021-12-05T15:09:09+0100
"2021/12/placeholder-1-18x12.png",276,2021-12-05T20:37:34+0100
"2021/12/placeholder-11-300x200.png",2008,2021-12-09T20:47:22+0100
"2021/12/in_the_park_white-format2-e1638379396550-450x450.jpg",67237,2025-11-22T06:54:46+0100
"2021/12/placeholder-10-768x512.png",5345,2021-12-09T20:47:22+0100
"2021/12/placeholder-150x150.png",1207,2021-12-05T20:34:07+0100
"2021/12/placeholder-7-1024x683.png",7510,2021-12-05T20:37:58+0100
"2021/12/placeholder-10-150x150.png",1207,2021-12-09T20:47:22+0100
"2021/12/placeholder-768x512.png",5345,2021-12-05T20:34:07+0100
"2021/12/IMG_5034_DxO_small-768x520.jpg",34570,2021-12-09T20:27:14+0100
"2021/12/jule-300x216.jpg",7106,2021-12-05T15:09:08+0100
"2021/12/placeholder-9-300x200.png",2008,2021-12-09T20:47:21+0100
"2021/12/placeholder-5-450x450.png",3172,2025-11-22T06:54:24+0100
"2021/12/jule-e1638361868923-300x269.jpg",11770,2021-12-05T15:09:09+0100
"2021/12/placeholder-1-768x512.png",5345,2021-12-05T20:37:34+0100
"2021/12/jule-e1638361868923-768x689.jpg",56542,2021-12-05T15:09:09+0100
"2021/12/IMG_5252_DxO-600x394.png",1060556,2025-11-22T06:53:59+0100
"2021/12/placeholder-9.png",6146,2021-12-09T20:47:21+0100
"2021/12/Visual_web_bg-turquois-768x441.png",109664,2021-12-05T15:09:06+0100
"2021/12/IMG_5252_DxO-450x450.png",922584,2025-11-22T06:53:58+0100
"2021/12/Visual-bg_web-1568x901.jpg",24385,2021-12-05T15:09:07+0100
"2021/12/placeholder-1-150x150.png",1207,2021-12-05T20:37:34+0100
"2021/12/IMG_5034_DxO_adobespark-768x520.png",59783,2021-12-09T20:36:56+0100
"2021/12/placeholder-2-100x100.png",701,2025-11-22T06:54:37+0100
"2021/12/in_the_park_white-format2-e1638379396550-600x546.jpg",102861,2025-11-22T06:54:46+0100
"2021/12/placeholder-2-600x400.png",3550,2025-11-22T06:54:37+0100
"2021/12/placeholder-10-18x12.png",276,2021-12-09T20:47:22+0100
"2021/12/placeholder-8.png",6146,2021-12-09T20:27:48+0100
"2021/12/Visual_web_bg-turquois_tinified-18x9.png",400,2021-12-05T15:09:04+0100
"2021/12/placeholder-4-150x150.png",1207,2021-12-05T20:37:36+0100
"2021/12/in_the_park_white-format2.jpg",299319,2021-12-05T15:09:10+0100
"2021/12/Jo-100x100.png",9530,2025-11-22T06:55:09+0100
"2021/12/placeholder-1-1024x683.png",7510,2021-12-05T20:37:34+0100
"2021/12/Visual_web_bg-turquois_tinified-600x299.png",44665,2025-11-22T06:55:12+0100
"2021/12/placeholder-6-1024x683.png",7510,2021-12-05T20:37:57+0100
"2021/12/Visual_web_bg-turquois_tinified-1024x510.png",227669,2021-12-05T15:09:03+0100
"2021/12/placeholder-4-768x512.png",5345,2021-12-05T20:37:36+0100
"2021/12/jule-e1638361868923-600x538.jpg",37620,2025-11-22T06:54:53+0100
"2021/12/atabs.png",300290,2021-12-05T15:09:09+0100
"2021/12/placeholder-5-300x200.png",2008,2021-12-05T20:37:56+0100
"2021/12/placeholder-7-600x400.png",3550,2025-11-22T06:54:09+0100
"2021/12/placeholder-7-18x12.png",276,2021-12-05T20:37:58+0100
"2021/12/placeholder-7-100x100.png",701,2025-11-22T06:54:08+0100
"2021/12/jule-e1638361868923-150x150.jpg",4470,2021-12-05T15:09:09+0100
"2021/12/in_the_park_white-format2-e1638379396550.jpg",194728,2021-12-05T15:09:10+0100
"2021/12/atabs-241x300.png",78423,2021-12-05T15:09:10+0100
"2021/12/jule-1024x737.jpg",56209,2021-12-05T15:09:08+0100
"2021/12/jule-e1638361868923-13x12.jpg",378,2021-12-05T15:09:09+0100
"2021/12/jule-18x12.jpg",390,2021-12-05T15:09:08+0100
"2021/12/placeholder-9-450x450.png",3172,2025-11-22T06:53:15+0100
"2021/12/in_the_park_white-format2-e1638379396550-13x12.jpg",516,2021-12-05T15:09:11+0100
"2021/12/jule-768x553.jpg",34691,2021-12-05T15:09:08+0100
"2021/12/Visual_web_turquoise_mobile-14x12.png",553,2021-12-05T15:09:06+0100
"2021/12/Visual-bg_web-150x150.jpg",5882,2021-12-05T15:09:07+0100
"2021/12/placeholder-11-450x450.png",3172,2025-11-22T06:53:11+0100
"2021/12/Visual_web_bg-turquois-18x10.png",468,2021-12-05T15:09:07+0100
"woocommerce-placeholder-450x450.png",9059,2025-11-22T06:52:33+0100
"wc-logs/facebook_for_woocommerce-2026-04-26-6ad0a0ac6c3a734e1d39b577b5734bd3.log",8358,2026-04-27T01:58:54+0200
"wc-logs/wc_logger-2026-04-25-20048a6abc1f807928dad69ade822a7e.log",112,2026-04-25T06:05:44+0200
"wc-logs/wc_logger-2026-04-26-e144ca44998cb31e5acb0e80e64748cb.log",112,2026-04-26T07:19:03+0200
"wc-logs/facebook_for_woocommerce-2026-04-06-10cd9d3f8f1d731fdd4f051e71cf1074.log",10681,2026-04-07T01:36:10+0200
"wc-logs/facebook_for_woocommerce-2026-04-13-3a730cf016d69d1ca9b68c9ce75dd610.log",13240,2026-04-14T01:52:18+0200
"wc-logs/wc_logger-2026-04-24-6832227e2d361fec9670ce295ffb92bd.log",112,2026-04-24T06:30:01+0200
"wc-logs/wc_logger-2026-04-10-41ee324189913d19ba989daa5d245630.log",112,2026-04-10T06:25:28+0200
"wc-logs/wc_logger-2026-04-18-8fbb30dda5bf0af492daf036155065c3.log",112,2026-04-18T06:12:32+0200
"wc-logs/wc_logger-2026-04-11-8fdc308ad087c479149a50e07acf04b4.log",112,2026-04-11T06:14:32+0200
"wc-logs/facebook_for_woocommerce-2026-04-09-4b3076fa71700e6c3b5555daa5638760.log",14660,2026-04-10T01:39:02+0200
"wc-logs/facebook_for_woocommerce-2026-05-03-3d45b240101c52c6a945ed48dfb41ffb.log",10552,2026-05-03T15:59:04+0200
"wc-logs/wc_logger-2026-04-07-5a1f298bd38edff065400a316e5fb537.log",112,2026-04-07T06:09:14+0200
"wc-logs/index.html",0,2024-03-03T02:02:46+0100
"wc-logs/wc_logger-2026-04-22-fdbb5633a46926ec9642bd3c7fdf7bbc.log",112,2026-04-22T06:12:25+0200
"wc-logs/facebook_for_woocommerce-2026-04-07-44d25913055b5d7b5de28d9a0b873e27.log",13565,2026-04-08T01:59:07+0200
"wc-logs/wc_logger-2026-04-17-38f48f368b1b9e58ee8afed5f641b9c3.log",112,2026-04-17T06:14:47+0200
"wc-logs/facebook_for_woocommerce-2026-04-12-074c8df97f7e326ac7c5a0d8326c98b7.log",13933,2026-04-13T01:15:39+0200
"wc-logs/wc_logger-2026-04-23-a6ca5a45e32a9469de86bed7b54b7f0a.log",112,2026-04-23T06:50:54+0200
"wc-logs/facebook_for_woocommerce-2026-04-19-0e5a80e34d470457dee2be239b6c989e.log",12318,2026-04-20T01:58:08+0200
"wc-logs/wc_logger-2026-04-29-41c116facc32e47bdb847f30bb43d2d1.log",112,2026-04-29T06:12:31+0200
"wc-logs/facebook_for_woocommerce-2026-04-14-ace1d27ac35ed347de9c7c9a2f1b3ab0.log",12735,2026-04-15T00:55:54+0200
"wc-logs/wc_logger-2026-04-09-e72537ef571cde175a906809171cd451.log",112,2026-04-09T06:36:54+0200
"wc-logs/wc_logger-2026-04-13-61c34b51b87a0e2f1d6d31502f1d4291.log",112,2026-04-13T06:09:19+0200
"wc-logs/wc_logger-2026-04-04-4fa1565c7b43890e1f978ddbaa0cf4ad.log",112,2026-04-04T07:19:25+0200
"wc-logs/wc_logger-2026-04-05-0231bc2155cc630751ed5fd03953c090.log",112,2026-04-05T06:20:36+0200
"wc-logs/wc_logger-2026-05-03-33e32017b714fed62ebf116c02404eff.log",112,2026-05-03T06:39:27+0200
"wc-logs/facebook_for_woocommerce-2026-05-02-4f4f97680ab896ea1ff3926c3c22a975.log",11049,2026-05-03T01:17:45+0200
"wc-logs/facebook_for_woocommerce-2026-05-01-b34e065ec4df3876a44221b3b14a8af1.log",10678,2026-05-02T01:38:34+0200
"wc-logs/facebook_for_woocommerce-2026-04-28-fd55a91240b710db71b11fa5dd32f998.log",10384,2026-04-29T01:45:20+0200
"wc-logs/wc_logger-2026-04-12-2b80e53415da1c9fe15eb4c47a177e47.log",112,2026-04-12T06:06:42+0200
"wc-logs/facebook_for_woocommerce-2026-04-11-b309cfee161341d49ca80c556ea8fe2b.log",14362,2026-04-12T01:19:06+0200
"wc-logs/facebook_for_woocommerce-2026-04-16-55195deac4a2a748dc1300850ac9c06d.log",13135,2026-04-17T01:58:51+0200
"wc-logs/facebook_for_woocommerce-2026-04-15-23d7dfa40cb5b354adc9878755c944b3.log",10712,2026-04-16T01:52:00+0200
"wc-logs/facebook_for_woocommerce-2026-04-24-3f072259432875a0ad26eafb4dae5d9d.log",12571,2026-04-25T00:39:18+0200
"wc-logs/facebook_for_woocommerce-2026-04-25-3238f85c3f697512dcc1fcc722872bc9.log",12039,2026-04-26T01:59:26+0200
"wc-logs/wc_logger-2026-04-28-bc869f822b1a08d7cb82740f379ed253.log",112,2026-04-28T06:05:27+0200
"wc-logs/facebook_for_woocommerce-2026-04-04-9e7a2970a41506bc5214959c9e74ab99.log",13636,2026-04-05T01:44:11+0200
"wc-logs/wc_logger-2026-04-16-7d306317326bdb69d1ee33b7869b7e90.log",112,2026-04-16T06:14:03+0200
"wc-logs/wc_logger-2026-04-27-fa4b31f7c193bcc7e0d39e605d94050c.log",112,2026-04-27T06:15:37+0200
"wc-logs/wc_logger-2026-04-21-bf0e70b582fb6fad84a47deb12502c54.log",112,2026-04-21T06:06:20+0200
"wc-logs/facebook_for_woocommerce-2026-04-22-cc0cef41698660b76026a13bf2c6aed7.log",8686,2026-04-23T01:42:47+0200
"wc-logs/wc_logger-2026-04-14-a4d8508a7546d88565d539f14456feb4.log",112,2026-04-14T06:32:44+0200
"wc-logs/facebook_for_woocommerce-2026-04-29-0d74e60ca1616a4f4bdfd1377f335bbe.log",15426,2026-04-30T01:58:38+0200
"wc-logs/facebook_for_woocommerce-2026-04-10-5a021f358ad95dd6e02f2e7867813393.log",9516,2026-04-11T01:59:36+0200
"wc-logs/wc_logger-2026-05-02-6d4e2d445ccf255d91a22e91dd2dc887.log",112,2026-05-02T06:14:18+0200
"wc-logs/wc_logger-2026-04-30-ad16005c82ba1efad069b129f9dea3f7.log",112,2026-04-30T06:12:12+0200
"wc-logs/wc_logger-2026-04-06-7c0ae410de69d7a8d574783d69354b10.log",112,2026-04-06T06:05:16+0200
"wc-logs/wc_logger-2026-04-08-374353c8dd54d144ea37781fc7f55f66.log",112,2026-04-08T07:59:57+0200
"wc-logs/facebook_for_woocommerce-2026-04-27-37af332f29135bce10baccfa1d854ede.log",12940,2026-04-28T01:59:10+0200
"wc-logs/facebook_for_woocommerce-2026-04-30-bb327fa47d078f76eee227f785890f60.log",12775,2026-05-01T01:59:51+0200
"wc-logs/wc_logger-2026-04-19-a48dbae863ad84134502f0c81f902dbb.log",112,2026-04-19T06:30:55+0200
"wc-logs/facebook_for_woocommerce-2026-04-23-952c470c940dfcf63a08e1c23dc06b89.log",15068,2026-04-24T01:59:14+0200
"wc-logs/facebook_for_woocommerce-2026-04-08-c1ff0a91d44d2f463dc21385caace41c.log",10380,2026-04-08T23:18:45+0200
"wc-logs/wc_logger-2026-04-15-c5689e0919728112b0a3425310e53aeb.log",112,2026-04-15T07:30:22+0200
"wc-logs/wc_logger-2026-05-01-f614a13596a1556a7b15cbac78259589.log",112,2026-05-01T06:32:45+0200
"wc-logs/facebook_for_woocommerce-2026-04-18-d20d158f1688173d8ca7c966c0473172.log",16624,2026-04-19T01:53:16+0200
"wc-logs/facebook_for_woocommerce-2026-04-17-899c00f778e26bd27493cff927bc3678.log",9750,2026-04-18T00:23:45+0200
"wc-logs/wc_logger-2026-04-20-884da030c2794de43bf2183f6a8fd357.log",112,2026-04-20T07:00:28+0200
"wc-logs/facebook_for_woocommerce-2026-04-20-e98ef8ab5358dfc099be7fcef15e3313.log",13299,2026-04-21T01:58:11+0200
"wc-logs/facebook_for_woocommerce-2026-04-05-0dc92cbe0e63bea14cd76e250eb31b59.log",14464,2026-04-06T01:57:01+0200
"wc-logs/facebook_for_woocommerce-2026-04-21-51a12e2578fcb0b6b831efe5b27a82f4.log",14832,2026-04-22T01:24:09+0200
"wc-logs/.htaccess",13,2024-03-03T02:02:46+0100
"woocommerce-placeholder-300x300.png",10546,2024-03-03T02:02:46+0100
"woocommerce_uploads/index.html",0,2024-03-03T02:02:46+0100
"woocommerce_uploads/.htaccess",13,2024-03-03T02:02:46+0100
